id,title,description,pdf_url,passing_score,is_active,created_at,updated_at
4,Fire Safety Training,"Essential fire safety training for composite manufacturing environments. Learn to recognize fire hazards, implement prevention measures, respond to emergencies, and follow proper evacuation procedures.",/attached_assets/Pasted--Fire-Safety-Training-AG-Composites-Training-Objective-To-ensure-all-AG-Composites-employees-un-1759351941754_1759351941754.txt,80,t,2025-10-01 20:52:36.10065,2025-10-01 20:52:36.10065
5,ITAR Compliance Training,"Annual International Traffic in Arms Regulations (ITAR) training covering export control regulations, employee responsibilities, technical data safeguarding, and compliance requirements for defense-related products.",/attached_assets/Annual ITAR Training.docx - Google Docs_1759352442796.pdf,80,t,2025-10-01 21:01:04.760619,2025-10-01 21:01:04.760619
2,Preservation & Foreign Object Debris (FOD) Training,Comprehensive training on preservation techniques and FOD prevention to ensure product quality and prevent contamination.,/attached_assets/preservation-training.pdf,80,t,2025-10-01 19:49:24.481213,2025-10-01 19:49:24.481213
3,"Chemical Handling, Storage, & Disposal","Comprehensive training on safe chemical handling procedures, proper storage requirements, and disposal protocols to ensure employee safety and environmental compliance.",/attached_assets/Leader Training Topic Chemical Handling_1759351634113.pdf,80,t,2025-10-01 20:51:17.989912,2025-10-01 20:51:17.989912
6,AS9100 Employee Orientation Training,"Quality management system orientation for aviation, space, and defense manufacturing. Learn about AG Composites quality policy, objectives, document management, and your role in maintaining quality standards.",/attached_assets/AS9100 Employee Training_1759352917898.pdf,80,t,2025-10-01 21:09:00.326595,2025-10-01 21:09:00.326595
7,Counterfeit Materials Prevention Training,"Learn to identify, prevent, and respond to counterfeit materials in the supply chain. Covers avoidance strategies, detection red flags, mitigation procedures, and AG Composites supplier requirements to protect product integrity and safety.",/attached_assets/Counterfeit Prevention Training_1759353475520.pdf,80,t,2025-10-01 21:18:54.995002,2025-10-01 21:18:54.995002
8,Ethics in Aerospace Quality Systems,"Essential ethical behavior training for aerospace manufacturing. Learn about falsification consequences, handling non-conforming materials, counterfeit prevention, employee/supplier responsibilities, and whistleblower protections.",/attached_assets/Ethics - Google Docs_1759353564278.pdf,80,t,2025-10-01 21:21:16.083315,2025-10-01 21:21:16.083315
9,Leader Training: Nonconforming Items,"Essential training for leaders on managing nonconforming items. Learn the three categories (scrap, returns, counterfeit), proper handling procedures, red tagging requirements, and disposition authorization protocols.",/attached_assets/Leader Training Topic_ Nonconforming Items_1759353723875.pdf,80,t,2025-10-01 21:25:25.069186,2025-10-01 21:25:25.069186
10,Leader Training: Shut Down Procedures,"Essential daily shut down procedures for facility leaders. Covers proper closing procedures for CNC, Gunsmith, Plugging & Layup, Paint departments, and general facility tasks including security, lighting, equipment shutdown, and lock-up protocols.",/attached_assets/Leader Training Shut Down Procedures_1759353935946.pdf,80,t,2025-10-01 21:29:28.492739,2025-10-01 21:29:28.492739
