id,moduleId,question,questionType,correctAnswer,explanation,sortOrder,isActive
17,2,"What happens to expired materials according to the preservation procedure?","multiple_choice","Placed in collection area and leaders submit waste management form","",6,true
15,2,"According to the preservation procedure, what should items with a shelf life have listed?","multiple_choice","An expiration date","",4,true
20,2,"According to step 3 of the FOD procedure, why should you clean the work area?","multiple_choice","To prevent damage from dirt or chemicals","",9,true
12,2,"According to step 1 of the Preservation procedure, what must you ensure before using components?","multiple_choice","Ensure components are not expired or out-of-date","",1,true
13,2,"According to step 2 of the Preservation procedure, what should be checked for any material with a shelf life?","multiple_choice","Any material with a shelf life should be checked","",2,true
14,2,"According to step 2 of the FOD procedure, what should you do to clear the work area?","multiple_choice","Clear the work area of any extra material and hardware that could be accidentally used","",3,true
21,2,"According to step 4 of the FOD procedure, what should you check parts for when complete?","multiple_choice","Check for any unnecessary debris such as poly, shavings, bolts, nuts, etc. and remove any debris","",10,true
19,2,"According to step 5 of the Preservation procedure, who determines the disposal of expired items?","multiple_choice","Management","",8,true
22,3,"Where can you find Safety Data Sheets (SDS) and the Hazard Communication Program?","multiple_choice","In the designated SDS books and written program location","Employees must know where to find Safety Data Sheets and the Hazard Communication Program for reference",1,true
23,3,"What are the only two signal words used on chemical labels?","multiple_choice","Danger and Warning","Only two signal words are used: ""Danger"" for more severe hazards and ""Warning"" for less severe hazards",2,true
24,3,"Where should flammable products be stored?","multiple_choice","In a fire safe cabinet","Flammable products must be stored in fire safe cabinets for safety",3,true
25,3,"What temperature range should temperature-sensitive products be stored at?","multiple_choice","65°F - 75°F","Temperature sensitive products require refrigerated storage between 65°F and 75°F",4,true
26,3,"In the Plugging department, what should you do with leftover acetone?","multiple_choice","Allow it to evaporate and place the empty container in the dumpster","Acetone should be allowed to evaporate completely before disposing of the empty container",5,true
28,3,"What does ""FIFO"" mean in chemical handling?","multiple_choice","First In, First Out - use oldest items before they expire","FIFO means using chemicals based on manufacture date, oldest first, to prevent expiration",7,true
29,3,"What is the difference between acute and chronic illnesses?","multiple_choice","Acute illnesses develop suddenly and last a short time; chronic illnesses develop slowly over months to years","Acute illnesses are sudden and short-lived, while chronic illnesses develop and worsen over extended periods",8,true
30,3,"What should you do if you see another employee not following chemical handling procedures?","multiple_choice","Correct the employee or immediately notify the department leader or Safety Team","Employee safety is paramount; correcting procedures keeps everyone safe, not to get anyone in trouble",9,true
31,3,"Where should raw carbon fiber be stored?","multiple_choice","In the freezer at -1°F to 23°F","Raw carbon fiber requires freezer storage at -1°F to 23°F to maintain quality",10,true
32,4,"Which of the following is a flammable material commonly found in composite manufacturing?","multiple_choice","Epoxy resins, hardeners, and solvents like acetone","Epoxy resins, hardeners, and solvents are highly flammable and commonly used in composite manufacturing",1,true
33,4,"Where should chemicals be stored to prevent fire hazards?","multiple_choice","In flammable safety cabinets with proper labels","Chemicals must be stored in designated flammable safety cabinets and properly labeled",2,true
34,4,"What should you do with solvent-soaked rags?","multiple_choice","Dispose of them in approved fire-safe containers","Solvent-soaked rags can spontaneously combust and must be placed in fire-safe disposal containers",3,true
35,4,"What does the ""P"" in the PASS method stand for?","multiple_choice","Pull the pin","PASS stands for: Pull the pin, Aim at the base, Squeeze the handle, Sweep side to side",4,true
36,4,"What are the first two steps when you discover a fire?","multiple_choice","Activate the nearest fire alarm and notify supervisor/dial 911","Immediately raise the alarm by activating the pull station and notifying supervisor and emergency services",5,true
37,4,"Which type of fire extinguisher should be used for flammable liquids like resins, solvents, and paints?","multiple_choice","Class B","Class B extinguishers are designed for flammable liquid fires including resins, solvents, and paints",6,true
38,4,"When is it appropriate to fight a fire with an extinguisher?","multiple_choice","Only small incipient fires if you are trained and it is safe to do so","Never attempt to fight large or spreading fires - only small beginning fires if trained and safe",7,true
39,4,"What is a key housekeeping practice to prevent fires?","multiple_choice","Keep exits, walkways, and fire extinguishers clear at all times","Clear access to exits and fire safety equipment is critical for fire prevention and emergency response",8,true
40,4,"Carbon fiber and fiberglass dust are:","multiple_choice","Highly combustible and must be regularly cleaned with explosion-proof vacuums","These dusts are highly combustible and require regular cleaning with proper equipment",9,true
41,4,"When should you re-enter the building after a fire evacuation?","multiple_choice","Only after cleared by Fire Department or Safety Officer","Never re-enter until officially cleared by Fire Department or designated Safety Officer",10,true
16,2,"What should you do FIRST before starting a job according to the FOD procedure?","multiple_choice","Check for any special cleanliness requirements","",5,true
44,5,"Who is considered a ""U.S. Person"" under ITAR?","multiple_choice","U.S. citizens, permanent residents, asylees, and refugees","Only U.S. persons may access ITAR-controlled data without special authorization",3,true
45,5,"How must ITAR-controlled documents be marked?","multiple_choice","ITAR Controlled – Export Controlled","All ITAR-controlled documents must be clearly labeled with this marking",4,true
46,5,"What is the maximum civil penalty per ITAR violation?","multiple_choice","$1,272,251 per violation","Civil penalties can reach over $1.2 million per violation, with criminal penalties up to $1 million and 20 years imprisonment",5,true
47,5,"Where should ITAR-controlled documents be stored?","multiple_choice","In locked cabinets or restricted-access digital systems","Physical documents must be secured in locked rooms/cabinets; electronic data on secure servers in the U.S.",6,true
48,5,"What should you do if you see a foreign national working on ITAR projects without clearance?","multiple_choice","Immediately report it to the Business Manager or VP of Operations","This is a red flag that must be reported immediately to prevent violations",7,true
49,5,"Who is authorized to sign and submit ITAR-related documents to the Department of State?","multiple_choice","VP of Operations and Business Manager","Only these authorized leaders can submit ITAR documents to the U.S. Department of State",8,true
50,5,"How long must ITAR training records be maintained?","multiple_choice","5 years","Export records, licenses, agreements, and training logs must be maintained for 5 years",9,true
51,5,"What is technical data under ITAR?","multiple_choice","Blueprints, drawings, process specifications, test data, and software related to defense articles","Technical data includes all documentation, specifications, and information related to defense articles",10,true
52,6,"What is AS9100?","multiple_choice","A quality management system for companies that design, develop, or provide products for aviation, space, and defense industries","AS9100 is the quality standard specifically for aerospace and defense manufacturing",1,true
53,6,"What is AG Composites quality policy?","multiple_choice","Continuously improve while producing quality products in a timely manner to meet customer requirements","This policy is posted on bulletin boards and information slide shows throughout the facility",2,true
54,6,"What is the goal for the Return Rate objective (Objective 1)?","multiple_choice","3% or less based on manufacturer defect or error","This KPI measures returns for both OEM and retail products, measured monthly",3,true
55,6,"What is the Production Scrap rate goal (Objective 2)?","multiple_choice","1% or less for nonconforming items","This objective tracks the rate of nonconforming items to minimize waste",4,true
56,6,"What is the retail shipping rate goal (Objective 3)?","multiple_choice","90% on-time shipping","This KPI measures on-time delivery performance for retail customers",5,true
57,6,"Quality is whose responsibility?","multiple_choice","Everybody - all employees","Every employee contributes to quality by following processes and reporting issues",6,true
58,6,"What should you do if you identify materials that are expired?","multiple_choice","Notify a manager immediately","Using expired materials creates nonconforming or unsafe products",7,true
59,6,"What does FOD stand for?","multiple_choice","Foreign Object Debris","FOD is any substance that could contaminate or damage the product",8,true
60,6,"If you identify a process being done incorrectly, what should you do?","multiple_choice","Notify a manager immediately","Following correct processes is critical to maintaining quality standards",9,true
61,6,"What are Quality Objectives also called?","multiple_choice","Key Performance Indicators (KPIs)","KPIs are measurable goals that evaluate company performance",10,true
62,7,"What is the BEST way to avoid receiving counterfeit parts?","multiple_choice","Procure directly from Original Component or Equipment Manufacturers (OCM/OEM)","Procuring directly from OCM/OEM is the lowest risk method to avoid counterfeit parts",1,true
63,7,"Which of the following is a potential impact of counterfeit parts?","multiple_choice","All of these: personal injury, mission failure, reduced reliability, and loss of contracts","Counterfeit parts can cause all these serious consequences including safety, operational, and business impacts",2,true
64,7,"Does AG require their suppliers to have a counterfeit prevention program?","multiple_choice","Yes, suppliers must ensure prevention through processes or a formal program","AG requires suppliers to have processes/programs against receipt and use of counterfeit materials",3,true
65,7,"Which of the following is a RED FLAG for potential counterfeit parts?","multiple_choice","No certificate of conformance","Missing certificate of conformance is a major red flag indicating potential counterfeit parts",4,true
66,7,"What is the FIRST thing you should do if you suspect a part is counterfeit?","multiple_choice","Isolate and quarantine the suspect parts immediately","The first step in mitigation is to quarantine suspect parts to prevent them from entering production",5,true
67,7,"Should you return suspected counterfeit items to the supplier?","multiple_choice","No, do not return them as they could re-enter the supply chain","Returning counterfeit items allows the supplier to potentially sell them to another victim",6,true
68,7,"What AS9100 section covers counterfeit prevention?","multiple_choice","Section 8.1.4","AS9100(D) Section 8.1.4 addresses counterfeit prevention requirements",7,true
69,7,"After isolating suspect counterfeit parts, what should you do next?","multiple_choice","Document thoroughly with photos, part numbers, and supplier information","Documentation is critical for investigation and potential legal action",8,true
70,7,"What type of distributor has the next lowest risk after OCM/OEM?","multiple_choice","OCM Authorized Distributors","Authorized distributors with documented sales agreements are next lowest risk",9,true
71,7,"Who must you notify immediately if you suspect counterfeit items at AG?","multiple_choice","The Quality Manager","The Quality Manager must be notified immediately of any suspected counterfeit items",10,true
85,8,"What is the FIRST step when handling non-conforming material?","multiple_choice","Immediate identification and tagging of defective parts","The first step is to immediately identify and tag non-conforming parts to prevent their use",4,true
86,8,"What must be done with non-conforming material after identification?","multiple_choice","Quarantine to prevent accidental use","Non-conforming material must be quarantined to ensure it is not accidentally used in production",5,true
87,8,"What is a counterfeit part?","multiple_choice","Any unauthorized copy, imitation, or substitute misrepresented in origin or certification","Counterfeit parts are unauthorized copies or substitutes that misrepresent their origin, composition, or certification",6,true
88,8,"Which is an employee responsibility for ethical behavior?","multiple_choice","Report issues or concerns immediately","Employees are responsible for immediately reporting any issues or concerns to maintain ethical standards",7,true
89,8,"What is the purpose of a whistleblower policy?","multiple_choice","Protect individuals who report issues in good faith and encourage early problem identification","Whistleblower policies protect those who report problems and encourage early detection of issues",8,true
90,8,"What type of activity is reportable under a whistleblower policy?","multiple_choice","All of these: falsification of records, safety hazards, theft/fraud, and retaliation","All these activities are reportable - falsification, safety issues, fraud, and retaliation against reporters",9,true
91,8,"What protection do whistleblowers have?","multiple_choice","No retaliation policy, confidential handling, and legal protections","Whistleblowers are protected through no-retaliation policies, confidentiality, and federal/state legal protections",10,true
92,9,"What are the three categories of nonconforming items?","multiple_choice","Scrap, Returns, and Counterfeit","The three categories defined in the Process Manual are Scrap, Returns, and Counterfeit",1,true
93,9,"What is the ONLY disposition for scrap items?","multiple_choice","Scrap items must be rendered unusable and disposed of","Scrap items cannot be repaired or used - they must be destroyed and disposed of",2,true
94,9,"What should you do if you suspect an item is counterfeit?","multiple_choice","Immediately isolate the item in the business office","Suspected counterfeit items must be immediately isolated in the business office for investigation",3,true
95,9,"Who can authorize the disposition of a return?","multiple_choice","Business Manager, Production Manager, or Upper Management","Only these three levels of management can authorize return dispositions",4,true
96,9,"At what stage of production do non-conformances occur?","multiple_choice","At any stage: design, pre-production, production, post-production, packaging, storage, shipping, and delivery","Non-conformances can occur at any stage throughout the entire production and delivery process",5,true
97,9,"Where are scrap items collected?","multiple_choice","In red barrels at the line manager's work area","Scrap items are collected in red barrels specifically located at the line manager's work area",6,true
98,9,"Who logs returns into the Nonconforming Items spreadsheet?","multiple_choice","The sales team","Returns are logged by the sales team who red tag them",7,true
99,9,"What does ""Use As-Is"" disposition mean for returns?","multiple_choice","Items that do not meet initial requirements but the variation is approved by the customer","Use As-Is means the customer has approved the variation from their initial requirements",8,true
100,9,"Who investigates potential counterfeit items?","multiple_choice","Trained personnel assigned by management","Trained personnel are specifically assigned to investigate suspected counterfeit items",9,true
101,9,"What causes scrap items to be created?","multiple_choice","Neglect, environmental changes, or supply changes","Scrap items are normally created from these three factors according to the Process Manual",10,true
102,10,"In the CNC department, what should be done with tools before shutting down?","multiple_choice","Remove all tools from the machine spindles","All tools must be removed from machine spindles before shutting down the CNC department",1,true
103,10,"What position should CNC machines be turned to before shutting off?","multiple_choice","OFF home position","CNC machines must be turned to the OFF home position before turning them off",2,true
104,10,"In the Gunsmith department, where should all tools and drills be placed?","multiple_choice","In the correct toolbox","All tools and drills must be placed in the correct toolbox for proper organization",3,true
105,10,"What must be verified about oven timers in Plugging & Layup?","multiple_choice","Ensure the oven timers are set to turn OFF","Oven timers must be verified and set to turn off for safety",4,true
106,10,"What is the first task in the Paint department shutdown?","multiple_choice","Clean and break down paint guns","Paint guns must be cleaned and broken down before other shutdown tasks",5,true
107,10,"What should be done with bathroom lights during general shutdown?","multiple_choice","Turn OFF bathroom lights","Bathroom lights should be turned off as part of general shutdown procedures",6,true
108,10,"What lights should remain ON in the front office?","multiple_choice","Hall and porch lights","Hall and porch lights must remain on for security",7,true
109,10,"How many pedestrian exit doors must be closed and locked in CNC?","multiple_choice","3 pedestrian exit doors","There are 3 pedestrian exit doors in the CNC area that must be secured",8,true
110,10,"What must be done if you are the last person to leave the front office?","multiple_choice","Set the alarm and lock the front door","The last person must set the alarm and lock the front door for security",9,true
111,10,"What should be verified about the security gate when leaving?","multiple_choice","Ensure the security gate closes","The security gate must be verified to close properly when leaving the facility",10,true
83,8,"Which of the following is an example of falsification of records?","multiple_choice","Signing off on inspection reports without performing the required checks","This is falsification - creating fraudulent documentation by claiming inspections were completed when they were not",2,true
27,3,"For Paint department chemical disposal (Paint/276, Activator/MEKP, Paint Thinner, Catalyst), what are the two required steps?","multiple_choice","Fill out chemical disposal form and give to Production Manager, then place container in disposal area","All paint chemicals require completing a disposal form and placing the container in the designated disposal area",6,true
43,5,"Which of the following is considered an ""export"" under ITAR?","multiple_choice","All of the above: Shipping items overseas, sharing technical data with a foreign person in the U.S., providing defense services to a foreign person","ITAR export includes physical shipment, data sharing with foreign persons anywhere, and providing defense services",2,true
84,8,"What was a major consequence of the Spirit AeroSystems falsification incident?","multiple_choice","Boeing had to halt production temporarily and perform extensive inspections","The falsification required Boeing to stop production and conduct thorough inspections and rework on affected aircraft",3,true
18,2,"According to the FOD procedure, what should you do when finished with a job?","multiple_choice","Package or segregate parts to prevent damage, contamination, or loss of traceability","",7,true
42,5,"What is ITAR?","multiple_choice","A set of U.S. government regulations controlling the export of defense articles, technical data, and defense services","ITAR is administered by the Department of State, Directorate of Defense Trade Controls (DDTC)",1,true
82,8,"What AS9100 clause covers awareness of ethical behavior?","multiple_choice","Clause 7.3","AS9100 Clause 7.3 specifically addresses the requirement for awareness of ethical behavior in aerospace quality systems",1,true
