AG Part#,SKU,Name,Type,Source,Supplier Part #,Secondary Supplier Part #,Cost per,Purchase Unit,Usage Qty per Unit,Usage Unit,COGS per Unit,Order Date,Department,Secondary Source,Notes,Stock Item,Utilized In
590,,3 Hole Punch,,,,,,,,,,,,,,No,
1,,3M 7447 General Purpose Hand Pads 20/carton (maroon),,Walmart,,,,,,,,,PL1,,,No,
15a,,"4"" ARCA Rail",,AG Composites,,,,,,,,,PL1,,,No,
15,,"6"" ARCA Rail",,AG Composites,,,,,,,,,PL1,,,No,
15b,,"8"" ARCA Rail",,AG Composites,,,,,,,,,PL1,,,No,
3,,Acetone,,English Color,192,,,,,,,,PL1,,,No,
472f,,Aileron,Manufactured,StrataG,,,,,,,,,,,,No,PL2
572c,,Aileron foam core,Manufactured,,,,,,,,,,,,,No,PL2
12,,Air Tool Oil,,McMaster,2158K46,,,,,,,,Facilities,,,No,
14,,Aluminum Step Stand - 2 Steps,,Uline,H-7905,,,,,,,,Facilities,,,No,
16,,Barrel Pump- ATD,,Walmart,,,,,,,,,Facilities,,,No,
19,,Belt- A58 1/2 wide- 60 outside length,,MSC Industrial,43809136,,,,,,,,Facilities,,,No,
20,,Binder clips- 1/2,,Uline,S-25650,,,,,,,,Admin,,,No,
21,,Bins-plastic 8.5x12x4- shelf,,Uline,S-13398,,,,,,,,Facilities,,,No,
22,,Blade Disposal Container jumbo yellow,,Uline,S-18775,,,,,,,,Facilities,,,No,
23,,Blades- Utility 100 ct Workpro Dispenser,,amazon.com,B015W3AKDQ,,,,,,,,Facilities,,,No,
25,,Bondo 20126 Fiberglass Resin Liquid Hardener - 22 ml,,,,,,,,,,,,,,No,
26,,Box 22x18 easy fold mailers,,Uline,S-14242,,,,,,,,Shipping,,,No,
27,,Box 24x12x10 file storage,,Uline,S-3888,,,,,,,,Admin,,,No,
28,,Box 3x3x3,,Uline,S-13287,,,,,,,,Shipping,,,No,
35,,Bubble Sleeves,,Associated Bag,3/16,,,,,,,,Shipping,,,No,
36,,Bubble Sleeves,,Associated Bag,,,,,,,,,Shipping,,,No,
37,,Bubble Wrap 1/2 x 24 X 250',,American Paper & Twine,PA-012-24P12,,,,,,,,Shipping,,,No,
39,,Bubble Wrap 3/16 24x750',,American Paper & Twine,PA-316-24P12,,,,,,,,Shipping,,,No,
40,,Buffing Compound Kit- United Abrasives,,Amazon,,,,,,,,,mold cleaning,,,No,
41,,Buffing Wheel,,Amazon,,,,,,,,,PL1,,,No,
42,,Buttpads- Medium,,Lyman,07780,,,,,,,,PL1,,,No,
43,,Buttpads- XL,,Lyman,07287,,,,,,,,PL1,,,No,
44,,C-Clamp steel sliding T-handle,,McMaster,5027A16,,,,,,,,PL1,PL2,,No,
301,,Carbon Fiber - 250F Epoxy - 39.4 Wide x 0.011 Thick - Standard Modulus - 3k 2x2 Twill Weave - (366 gsm OAW),Purchased,Rock West Composites,14033,,,,,,,,PL2,,,No,PL2
542,,Carbon Fiber - 250F Resin System - 39.37 Wide x 0.006 Thick - Standard Modulus - Unidirectional,,Rock West Composites,14002,,,,,,,,PL2,,,No,
543,,Carbon Fiber - MTC581-C200T-AS4C-3K-42% RW50 twill,,SHD,SHDUS0930-(1270)-50,,,,,,,,PL2,,,No,
550,,Carbon Fiber - VTC401-C200PW-282-PRIMETEX-AS4C-3K-42%RW-50,,SHD,SHDUS0940-50,,,,,,,,PL2,,,No,
542e,,Carbon Fiber 10in Tail Cone 0 Deg Uni,,Rock West Composites,,,,,,,,,PL2,,,No,
542d,,Carbon Fiber 10in Tail Cone 90 Deg Uni Small Strip,,Rock West Composites,,,,,,,,,PL2,,,No,
542c,,Carbon Fiber 10in Tail Cone 90 Deg Uni Tapered Piece,,Rock West Composites,,,,,,,,,PL2,,,No,
542a,,Carbon Fiber 10in Tail Cone Collar 0 Deg Uni Ply,,Rock West Composites,,,,,,,,,PL2,,,No,
542b,,Carbon Fiber 10in Tail Cone Collar 90 Deg Uni Ply,,Rock West Composites,,,,,,,,,PL2,,,No,
552a,,Carbon Fiber Bandit fuselage 0 Deg Uni,,SHD,SHDUS0931-610,,,,,,,,PL2,,,No,
552b,,Carbon Fiber Bandit fuselage 90 Deg Uni,,SHD,SHDUS0931-610,,,,,,,,PL2,,,No,
550a,,Carbon Fiber Bandit wing skin,,SHD,SHDUS0940-50,,,,,,,,PL2,,,No,
550(8),,Carbon Fiber Elevator Seam 20 5/8 x 4,,,SHDUS0940-50,,,,,,,,PL2,,,No,
550(7),,Carbon Fiber Elevator Shell 20 5/8 x 6 5/8,,,SHDUS0940-50,,,,,,,,PL2,,,No,
550b,,Carbon Fiber Horizontal stabilizer shell,,SHD,SHDUS0940-50,,,,,,,,PL2,,,No,
550k,,Carbon Fiber Horizontal stabilizer shell +45° with XXs ,,SHD,SHDUS0940-50,,,,,,,,PL2,,,No,
550f,,Carbon Fiber Horizontal stabilizer shell -45° w/pre-cut holes,,,SHDUS0940-50,,,,,,,,PL2,,,No,
543a,,Carbon Fiber Twill piece for Bandit fuselage,,SHD,,,,,,,,,PL2,,,No,
550i,,Carbon Fiber horiz stabilizer leading edge seam 24.5 x 3,,SHD,SHDUS0940-50,,,,,,,,PL2,,,No,
550c,,Carbon Fiber horiz stabilizer reinforcement 10 x 12 w/ holes,,SHD,SHDUS0940-50,,,,,,,,PL2,,,No,
550e,,Carbon Fiber horiz stabilizer reinforcement 24 x 6 x 4 w/ holes,,SHD,SHDUS0940-50,,,,,,,,PL2,,,No,
550j,,Carbon Fiber horizontal stabilizer reinforcement 24 x 6 x 4,,SHD,SHDUS0940-50,,,,,,,,PL2,,,No,
550h,,Carbon Fiber horizontal stabilizer trailing edge seam 21 x 2,,SHD,SHDUS0940-50,,,,,,,,PL2,,,No,
550d,,Carbon Fiber horizontal stabilizer wing tip seam 18 x 4,,SHD,SHDUS0940-50,,,,,,,,PL2,,,No,
552,,Carbon Fiber mtc581-ud150-sts40-24k-36%rw-610 uni,,SHD,SHDUS0931-610,,,,,,,,PL2,,,No,
550(5),,Carbon Fiber reinforcement piece 3 x 2,,SHD,SHDUS0940-50,,,,,,,,PL2,,,No,
550g,,Carbon Fiber vert attachment plate reinforcement 6 x 2 w/ holes,,,SHDUS0940-50,,,,,,,,PL2,,,No,
550s,,Carbon Fiber vert stabilizer bottom flange P6 21.25 x 12.5,,SHD,SHDUS0940-50,,,,,,,,PL2,,,No,
550r,,Carbon Fiber vert stabilizer bottom flange P7 21.25 x 11.5,,SHD,SHDUS0940-50,,,,,,,,PL2,,,No,
550q,,Carbon Fiber vert stabilizer bottom flange P8 21.25 x 10.5,,SHD,SHDUS0940-50,,,,,,,,PL2,,,No,
550u,,Carbon Fiber vertical stabilizer bottom flange P4 21.25  x 14.5,,SHD,SHDUS0940-50,,,,,,,,PL2,,,No,
550t,,Carbon Fiber vertical stabilizer bottom flange P5 21.25 x 13.5,,SHD,SHDUS0940-50,,,,,,,,PL2,,,No,
550(3),,Carbon Fiber vertical stabilizer leading edge seam 29 x 3,,SHD,SHDUS0940-50,,,,,,,,PL2,,,No,
550v,,Carbon Fiber vertical stabilizer top flange P10 15 x 6,,SHD,SHDUS0940-50,,,,,,,,PL2,,,No,
550(2),,Carbon Fiber vertical stabilizer top flange P4 15 x 12,,SHD,SHDUS0940-50,,,,,,,,PL2,,,No,
550(1),,Carbon Fiber vertical stabilizer top flange P5 15 x 11,,SHD,SHDUS0940-50,,,,,,,,PL2,,,No,
550z,,Carbon Fiber vertical stabilizer top flange P6 15 x 10,,SHD,SHDUS0940-50,,,,,,,,PL2,,,No,
550y,,Carbon Fiber vertical stabilizer top flange P7 15 x 9,,SHD,SHDUS0940-50,,,,,,,,PL2,,,No,
550x,,Carbon Fiber vertical stabilizer top flange P8 15 x 8,,SHD,SHDUS0940-50,,,,,,,,PL2,,,No,
550w,,Carbon Fiber vertical stabilizer top flange P9 15 x 7,,SHD,SHDUS0940-50,,,,,,,,PL2,,,No,
550(4),,Carbon Fiber vertical stabilizer trailing edge seam 23 x 3,,SHD,SHDUS0940-50,,,,,,,,PL2,,,No,
550n,,Carbon fiber vertical stabilizer bottom flange P10 21.25 x 8.5,,SHD,SHDUS0940-50,,,,,,,,PL2,,,No,
550p,,Carbon fiber vertical stabilizer bottom flange P9 21.25 x 9.5,,SHD,SHDUS0940-50,,,,,,,,PL2,,,No,
550m,,Carbon fiber vertical stabilizer shell,,SHD,SHDUS0940-50,,,,,,,,PL2,,,No,
58,,Catalyst,,Sherwin Williams PO,V66V27,,,,,,,,PL1,,,No,
59,,Caution Post- yellow Do Not Enter,,Uline,H-5097,,,,,,,,Facilities,,,No,
336,,Certificate of Conformance,,N/A,N/A,,,,,,,,,,,No,
584,,Certificate of Conformance - Traceability,,Clearwater Composites,CofC Traceability,,,,,,,,,,,No,
60,,Chair- mesh back- office task,,Uline,H-3642,,,,,,,,Facilities,,,No,
571,,Chalk,,,,,,,,,,,,,,No,
65,,Coffee Creamer- N'Joy Non-Dairy,,Amazon,,,,,,,,,Facilities,,,No,
66,,Collet Screw On Adaptor ED20 Zeta,,T-Tool,SCHED20Zeta,,,,,,,,PL3,,,No,
67,,Collet- ER-16- 3/16,,McMaster,3215A306,,,,,,,,PL3,,,No,
68,,Collet- ER-16- 3/8,,McMaster,3215A313,,,,,,,,PL3,,,No,
69,,Collet- ER-25- 1/2,,McMaster,3669N26,,,,,,,,PL3,,,No,
70,,Collet- ER-25- 1/4,,McMaster,3669N17,,,,,,,,PL3,,,No,
71,,Collet- ER-25- 3/8,,McMaster,3669N22,,,,,,,,PL3,,,No,
72,,Collet- ER-32- 1/2,,McMaster,3321A18,,,,,,,,PL3,,,No,
73,,Collet- ER-32- 3/8,,McMaster,3321A16,,,,,,,,PL3,,,No,
74,,Collet- ER16- 1/4,,McMaster,3215A308,,,,,,,,PL3,,,No,
75,,Compressor Oil- Smartoil 6000 synthetic 8000 hrs.,,Hertz Kompressoren USA,,,,,,,,,Facilities,,,No,
77,,Cups and Lids (3M),,English Color,16000,,,,,,,,PL1,,,No,
78,,Cups- 16 oz clear,,Uline,S-22276,,,,,,,,Facilities,,,No,
79,,Cups- 9 oz clear (short),,Uline,S-22273,,,,,,,,PL1,PL2,,No,
80,,Cutting Table Blades- medium mkt for ttc,,Gunnar,PT-GZ16,,,,,,,,PL1,PL2,,No,
544,,Cutting table servo motor driver for Novex,,Gunnar,PT-102291,,,,,,,,Services,,,No,
82,,Deburring Blades (10 piece set),,Amazon,7.38771E+11,,,,,,,,PL1,,,No,
83,,Deluxe Folding Table - 48 x 24,,Uline,H-3137AGR,,,,,,,,Facilities,,,No,
85,,Digital Caliper,,McMaster,8647A42,,,,,,,,Facilities,,,No,
86,,Dish Detergent- Dawn,,American Paper & Twine,744896,,,,,,,,Facilities,,,No,
89,,Disinfectant- spray- Lysol,,Walmart,036241046750,,,,,,,,Facilities,,,No,
92,,Disposable Mask,,Uline,S-22137,,,,,,,,Facilities,,,No,
90,,Disposable Protective Coat- Tyvex,,McMaster,5593T11,,,,,,,,Facilities,Uline,S-9647B-L,No,
93,,Disposable Protective Suit (L-XL-XXL) Tyvex,,McMaster,5231T37,,,,,,,,Facilities,,,No,
91,,Disposable Sleeve- Tyvek PPE 18,,McMaster,5583T18,,,,,,,,Facilities,Uline,S-13893E,No,
113,,Drill Bit- 5mm diamond coated,,McMaster,3162A59,,,,,,,,PL3,,,No,
114,,Drill Bit- 7 gauge 3 5/8 long (uncoated),,McMaster,2901A178,,,,,,,,PL1,,,No,
115,,Drill Bit- 7/8- Widia part 14289- reduced shank- coated,,Grainger,6WUX9,,,,,,,,PL3,,,No,
548,,Drill adapter- tight-clearance right angle,,McMaster,8787A14,,,,,,,,PL1,PL2,,No,
580,,Drill bit 3/64 x 1 3/4 uncoated,,McMaster,8870A13,,,,,,,,PL2,,,No,
109,,Drill bit- 1/4 uncoated- 4OAL,,McMaster,8870A127,,,,,,,,PL3,,,No,
549,,Drill bit- 1/4 x 2 3/8 threaded shank,,McMaster,8824A44,,,,,,,,,,,No,
117,,Drill bit- Size Q x 4 3/4 long (uncoated),,McMaster,30595A48,,,,,,,,PL3,,,No,
118,,Drill chuck- 1/8-5/8 keyless,,Precision Matthews,KDCRS-16R8T,,,,,,,,,,,No,
119,,Drum Cradle- Steel,,Uline,H-4203,,,,,,,,PL1,,,No,
120,,Drum Pump- Steel,,Uline,H-1235,,,,,,,,PL1,PL3,,No,
121,,Dry Erase Markers- black,,McMaster,5929T87,,,,,,,,Admin,,,No,
122,,Dry Film Lubricant- 10 oz can,,McMaster,1289K17,,,,,,,,Facilities,,,No,
123,,Duracell® D Alkaline Batteries 12/box,,Uline,S-15607,,,,,,,,Facilities,,,No,
124,,Dust pan,,McMaster,72805T81,,,,,,,,Facilities,,,No,
125,,Dust pan- upright 16x14x6.5- 23 handle,,McMaster,7395T15,,,,,,,,Facilities,,,No,
126,,Ear Muffs,,Uline,S-20449,,,,,,,,Facilities,,,No,
127,,Ear plugs- corded,,Uline,S-19874,,,,,,,,Facilities,,,No,
128,,Ear plugs-disposable,,Uline,,,,,,,,,Facilities,,,No,
572a,,Elevator foam core,,,,,,,,,,,,,,No,
132,,End Mill 1/2- 3F- 1 1/4 LOC- 3 long,,ZRN,Lakeshore Carbide,,,,,,,,4 on hand,PL1,,No,
129,,End Mill 1/2- 3F- 2 LOC- 4 long- TiAlN,,Amazon,,,,,,,,,,,,No,
133,,End Mill 1/4 Square ZRN,,Machining Resources,41463,,,,,,,,,,,No,
148,,End Mill 13mm- 4F-  30m LOC- 88mm long- ALTiN,,Atlas Cutting Tools,A71487,,,,,,,,,,,No,
149,,End Mill 19/32- 4F- 1 3/8 LOC- 3 3/8 long- uncoated,,MSC,8762224,,,,,,,,,,,No,
159,,End Mill 3/16- 3F- 1 1/8 LOC- 3 long- ball- uncoated,,Zoro,G4496499,,,,,,,,,,,No,
143,,End Mill 3/8 dovetail 45 degree straight thread,,McMaster,2984A17,,,,,,,,,,,No,
144,,End Mill 3/8 square- ZRN 3 flute,,Machining Resources,41733,,,,,,,,,,,No,
145,,End Mill 3/8 uncoated (Widin) 4FL Sq.- 1-1/8 FL- 3-1/2 OAL,,Machining Resources,EA304024L,,,,,,,,PL1,,,No,
152,,End Mill 3/8- 3F- 1 1/2 LOC- 3 1/2 long,,Machining Resources,E5G95908,,,,,,,,PL3,,,No,
155,,End Mill 5/8- 3F- 1 5/8 LOC- 3 1/2 long,,Machining Resources,E5G97801,,,,,,,,PL3,,,No,
147,,End Mill 5/8- 3F- 1 5/8 LOC- 3 1/2 long- corner radius,,Lakeshore,360058X,,,,,,,,PL3,All Industrial,25055852,No,
158,,End Mill 5/8- 3F- 2 1/2 LOC- 5 long- corner radius 37° helix,,Zoro,E5G97807,,,,,,,,,,,No,
162a,,Epoxy Hardener 8402,,Premium Resin Tech,RDH-8402,,,,,,,,PL1,,,No,
163,,Evercoat 440,,English Color,440,,,,,,,,PL1,PL2,,No,
586,,Exacto Knives,,,,,,,,,,,,,,No,
164,,Exhaust Fan Motor,,Electric Motor Wholesale,13037126,,,,,,,,Facilities,,,No,
165,,Fan- XPower P-80A floor blower,,Amazon,B076VR5PJC,,,,,,,,Facilities,,,No,
284,,Fiberglass - Prepreg - Fiberglass Woven (120 Glass) - 38 Wide 0.005 Thick - 40% Resin Content w/out pigment (185 gsm OAW) - Ne\A/port 301 250F Resin System,Purchased,Rock West Composites,14015,,,,,,,,PL2,,,No,PL2
551(6),,Fiberglass Aileron Seam,,,,,,,,,,,PL2,,,No,
551(5),,Fiberglass Aileron Shell,,,,,,,,,,,PL2,,,No,
551(7),,Fiberglass Bandit fuselage piece 1,,SHD,,,,,,,,,PL2,,,No,
551(8),,Fiberglass Bandit fuselage piece 2,,SHD,,,,,,,,,PL2,,,No,
551a,,Fiberglass Bandit wing shell,,SHD,,,,,,,,,PL2,,,No,
553,,Fiberglass Cloth- 3 oz E Glass,,US Composites,FG-C0338,,,,,,,,PL2,,,No,
551c,,Fiberglass Horizontal stabilizer shell,,SHD,,,,,,,,,PL2,,,No,
551d,,Fiberglass Horizontal stabilizer shell w/pre-cut slits,,SHD,,,,,,,,,PL2,,,No,
551(4),,Fiberglass Rudder Seam,,,,,,,,,,,PL2,,,No,
551(3),,Fiberglass Rudder Shell,,,,,,,,,,,PL2,,,No,
551(2),,Fiberglass elevator seam 20 5/8 x 4,,,,,,,,,,,PL2,,,No,
551(1),,Fiberglass elevator shell 20 5/8 x 6 5/8,,,,,,,,,,,PL2,,,No,
551e,,Fiberglass horizontal stabilizer reinforcement 4 x 2 w/holes,,SHD,,,,,,,,,PL2,,,No,
551f,,Fiberglass vertical stabilizer shell,,SHD,,,,,,,,,PL2,,,No,
168,,File 8 flat,,Amazon,,,,,,,,,PL1,,,No,
169,,File 8 half-round,,Amazon,,,,,,,,,PL1,,,No,
170,,File 8 round,,Amazon,,,,,,,,,PL1,,,No,
171,,Finger cots,,Amazon,X002EHMB73,,,,,,,,,,,No,
173,,Foam Roll- 12 x 250',,Uline,S-11822,,,,,,,,,,,No,
174,,Foam pour 16 lb Part A & B,,US Composites,FOAM-1680,,,,,,,,PL1,,,No,
175,,Foam- pour 4 lb kit,,US Composites,FOAM-0480,,,,,,,,PL1,,,No,
570,,Fuselage- 10 tube,,,,,,,,,,,,,,No,
176,,Glass Cleaner- Gleme 20 oz (case of 12),,American Paper & Twine,763128,,,,,,,,,,,No,
177,,Glass Cleaner- Sprayway 19 oz,,English Color,50,,,,,,,,,,,No,
178,,Glass Cleaner- Uline 19 oz,,Uline,S-22344,,,,,,,,,,,No,
185,,Gloves- Coolflex size  M,,Uline,S-21083-M,,,,,,,,,,,No,
186,,Gloves- Hyflex size 10,,Uline,S-20733-X,,,,,,,,,,,No,
187,,Gloves- Hyflex size 9,,Uline,S-20733-L,,,,,,,,,,,No,
180,,Gloves- black latex Raven size Large,,English Color,66518,,,,,,,,,,,No,
181,,Gloves- black latex Raven- size Medium,,English Color,66517,,,,,,,,,,,No,
182,,Gloves- black latex Raven- size Small,,English Color,,,,,,,,,,,,No,
183,,Gloves- black latex Raven- size XXL,,English Color,66520,,,,,,,,,,,No,
184,,Gloves- chemical resistant (yellow),,Uline,S-9721,,,,,,,,PL1,,,No,
188,,Goo Gone - 1 Gallon,,Uline,S-12787,,,,,,,,,,,No,
192,,Grease- Moly Syngard 2000,,Schaeffer #248,,,,,,,,0248-01-01,$9.99,,,No,
578,,HIghlighters,,Quill,,,,,,,,,,,,No,
194,,Hand Cleaner- Triton X-Heavy Duty,,N AL Chemical,BET-79331-00,,131.6,,,,,,,,,No,
195,,Hand Sanitizer- ULIine- 1 gal,,Uline,S-23797,,,,,,,,,,,No,
196,,Hand Sanitizer- Uline- 68 oz,,Uline,S-20118,,,,,,,,,,,No,
197,,Hand Soap- Azure foam for dispenser,,N AL Chemical,DEB-AZUIL,,,,,,,,,,,No,
199,,Heavy Duty Extension Cord - 25',,Uline,S-16890,,,,,,,,,,,No,
560d,,Horizontal Foam Core,,AG,,,,,,,,,Layup,,,No,
202,,Icing Polyester Putty,,English Color,26006,,,,,,,,PL1,PL2,,No,
207,,Knife - Quick Change Blue,,Uline,H-4288,,,,,,,,,,,No,
208,,Kraft Paper Roll- 24 x 1200,,Uline,S-3575,,,,,,,,,,,No,
209,,Kraft Paper Roll- 48 x 1200',,Uline,S-5157,,,,,,,,shipping,,,No,
210,,Label Printer- Brother P-Touch,,Uline,H-5135,,,,,,,,,,,No,
213,,Label Tape Brother P-Touch yellow-1/2,,Uline,S-18423,,,,,,,,,,,No,
211,,Label Tape- Brother P-Touch orange- 3/4,,Uline,S-22510,,,,,,,,,,,No,
212,,Label Tape- Brother P-Touch white- 3/4,,Uline,S-16117,,,,,,,,,,,No,
214,,Labels Thermal for barcodes,,Labels Direct,LD2515DT15PWI,,,,,,,,,,,No,
215,,Laquer Thinner,,Southeast Auto Parts,,,,,,,,,,,,No,
216,,Large Popsicle Sticks,,Uline,S-19178,,,,,,,,,,,No,
217,,Make-up Applicator,,Amazon,,,,,,,,,finish,,,No,
218,,Mat- 2' x 4',,Uline,H-5940,,,,,,,,,,,No,
AG-001,,Material Test Report,,N/A,N/A,,,,,,,,,,,No,
587,,Metal Cut-off Disc 3,,,,,,,,,,,,,,No,
237,,Metal tube- aluminum 11OD x 1 wall x 72 6061,,LMS Metal,,,,,,,,,,,,No,
242,,Metal- aluminum 1 3/4 x 4 x 21 6061,,LMS,,,,,,,,,,,,No,
225,,Metal- aluminum 5/8 x 12 1/2 x 12 1/2 6061,,LMS Metal,,,,,,,,,,,,No,
241,,Metal-aluminum 1 3/4 x 4 x 20 6061,,LMS,LMS,,,,,,,,for subs (2 pieces for LA),PL3,,No,
249,,Milling Insert  .5 square x .187 thick x 20 deg side x .218 hole,,MariTool,SEHT1204AFFN CX10,,,,,,,,PL3,,,No,
250,,Mixer- 1.5 HP for plugging,,Webstaurant,541CMIX20,,,,,,,,PL1,,,No,
252,,Mixing Container 1 qt,,Uline,S-22982,,,,,,,,,,,No,
253,,Mixing Cups- case,,English Color,A75,,,,,,,,,,,No,
254,,Mixing Wand for Pro-Set (plastic tips),,Composites One,560371,,,,,,,,,,,No,
251,,Mixing bowl- 20 qt stainless steel,,Webstaurant,177MX20BOWL,,,,,,,,PL1,,,No,
259,,Nut- 10-32 Hex,,McMaster,90480A195,,,,,,,,,,,No,
261,,Oil- Haas axis lube oil,,,,,,,,,,,PL3,,,No,
262,,Oil- Hertz SmartOil 6000 Rotary Screw Compressor,,Compressed Air USA,1315102200,,,,,,,,,,,No,
263,,Oil- Spindle- Mobil 5 gal,,Grainger,5ZN14,,,,,,,,PL1,PL3,,No,
265,,Oven Gloves,,Amazon,X002RKEP17,,,,,,,,plugging,PL2,,No,
327,,PIcnic Table- 6 wooden,,Uline,H-2999,,,,,,,,,,,No,
266,,Packing List Pouches,,ULine,S-750,,,,,,,,Shipping,,,No,
267,,Packing List Sleeve,,N AL Chemical,,,,,,,,,Shipping,,,No,
268,,Packing Peanuts,,American Paper & Twine,030880,,,,,,,,Shipping,,,No,
269,,Pail Pump- Stainless Steel,,Uline,H-4897,,,,,,,,,,,No,
271,,Paint Booth Filter (for air dryer in back) DeVilbiss 130504,,Amazon,,,,,,,,2001-02-01,,,,No,
272,,Paint Brushes - 3 ,,Amazon,,,19.79,,,,,,,,,No,
274,,Paint Can Mixing Lid- gallon,,,,,,,,,,,,,,No,
273,,Paint Can- pint size no handle,,Uline,S-15743,,,,,,,,,,,No,
275,,Paint Gun Cup Disposable Inserts,,English Color,16000,,,,,,,,,,,No,
276,,Paint Gun Cup- Iwata Airgunsa 600cc (Duratec),,Auto Color Warehouse,iw9131,,,,,,,,,,,No,
277,,Paint Gun Regulator Valve- Le Lematec,,Amazon,X002F9W4YP,,,,,,,,,,,No,
278,,Paint Gun Repair Kit,,USA Tools,9166,,,,,,,,,,,No,
279,,Paint Gun- Iwata  IWA-9230 1.3MM tip w/cup,,Amazon,9230,,,,,,,,,,,No,
280,,Paint Gun- Iwata IWA9233 Spray Gun,,Amazon,9233,,,,,,,,,,,No,
281,,Paint Gun- Starting Line- gravity,,Summit Racing,DVR-802343,,,,,,,,,,,No,
282,,Paint Markers (Black),,Uline,S-20622BL,,,,,,,,,,,No,
283,,Paint Matte Clear,,English Color,82-55-1,,,,,,,,,,,No,
285,,Paint Mixing/Measuring Cups (100/case),,English Color,A75,,,,,,,,,,,No,
286,,Paint PPS System (lids & liners),,English Color,16000,,,,,,,,,,,No,
287,,Paint Pour Lid- Gallon,,Amazon,,,,,,,,,,,,No,
288,,Paint Pour Lid- quart,,Amazon,,,,,,,,,,,,No,
290,,Paint Sticks,,English Color,PADDLES,,,,,,,,,,,No,
291,,Paint Strainers,,Southeast Auto Parts,,,,,,,,,,,,No,
292,,Paint Texture,,,,,,,,,,,,,,No,
293,,Paint Thinner,,Southeast Auto Parts,OMNI10-5,,,,,,,2001-02-01,,,,No,
283a,,Paint matte clear activator (hi-temp hardener),,English Color,421,,,,,,,,,,,No,
283c,,Paint matte clear normal activator,,English Color,30-72-1,,,,,,,,,,,No,
294,,Paint- At Ease Soldier,,Sherwin Williams PO,F63TXA13540-2252,,,,,,,,,,,No,
295,,Paint- Beige Gun,,Sherwin Williams,F63TX434049,,,,,,,,,,,No,
296,,Paint- Blue,,Sherwin Williams,F63TXL12721,,,,,,,,,,,No,
297,,Paint- Dead Flat Black,,Sherwin Williams PO,F63B7,,,,,,,,,,,No,
298,,Paint- Desert Tan,,Sherwin Williams,F63TX413595-2252,,,,,,,,,,,No,
299,,Paint- Garden Path,,Sherwin Williams PO,F63TXA13541-2252,,,,,,,,,,,No,
300a,,Paint- Glamour Activator,,English Color,PR285,,,,,,,,,,,No,
300,,Paint- Glamour Euro,,English Color,PR205,,,,,,,,,,,No,
302,,Paint- Gray,,Sherwin Williams PO,F63TXA36118,,,,,,,,,,,No,
303,,Paint- Gunstock Brown,,Sherwin Williams PO,F63TXN12444,,,,,,,,,,,No,
304,,Paint- Hyper Blue,,Sherwin Williams PO,F63TXL13318,,,,,,,,,,,No,
305,,Paint- Iron Gate,,Sherwin Williams PO,F63TXA13542-2252,,,,,,,,,,,No,
306,,Paint- Navel (Orange),,Sherwin Williams PO,F63TXE32473,,,,,,,,,,,No,
307,,Paint- Olive D Green,,Sherwin Williams PO,F63TXG12834,,,,,,,,,,,No,
308,,Paint- Peppercorn,,Sherwin Williams PO,F63TXA13181,,,,,,,,,,,No,
309a,,Paint- Primer 4:1 2K,,English Color,361Q,,,,,,,,,,,No,
309,,Paint- Primer Urethane 4:1 2K,,English Color,36G,,,,,,,,,,,No,
311,,Paint- Red,,Sherwin Williams PO,F63TXR31350,,,,,,,,,,,No,
283b,,Paint- Reducer,,English Color,114,,,,,,,,,,,No,
313,,Paint- Sage Green,,Sherwin Williams,F63TX613594-2252,,,,,,,,,,,No,
314,,Paint- Sample Jar 1oz,,Specialty Bottle,FSQ1,,,,,,,,paint,,,No,
315,,Paint- Tan Match,,Sherwin Williams PO,F63TXH12576,,,,,,,,,,,No,
316,,Paint- Toxic Green,,Sherwin Williams PO,F63TXG38901,,,,,,,,,,,No,
317,,Paint- Tungsten Match,,Sherwin Williams PO,F63TXA13047 Include # R274,,,,,,,,,,,No,
318,,Paint- Urban (Acier),,Sherwin Williams PO,F63TXA13049,,,,,,,,,,,No,
319,,Paint- White,,Sherwin Williams PO,F63TXW37925,,,,,,,,,,,No,
320,,Paint- Woodland Tan,,Sherwin Williams PO,F63TXH15361,,,,,,,,,,,No,
321,,Paint- Yellow,,Sherwin Williams PO,F63TXY33655,,,,,,,,,,,No,
322,,Panel Bond 6030,,English Color,6030,,,,,,,,,,,No,
323,,Panel Bond 6030 Dispenser,,English colors,6000,,,,,,,,,,,No,
324,,Paper Towels- brown roll,,American Paper & Twine,460032,,,,,,,,,,,No,
325,,Paper Towels- white kitchen (30 rolls/case),,American Paper & Twine,023608,,,,,,,,,,,No,
326,,Partall Paste Wax- 7 lb tub,,US Composites,REX-270,,,,,,,,plugging,,,No,
328,,Pigment- black,,US Composites,BL128,,,,,,,,,,,No,
334,,Plastic Scoop - 2 Quart,,Uline,H-879,,,,,,,,,,,No,
335,,Plastic Smoker's Receptacle - Beige,,Uline,H-1103BE,,,,,,,,,,,No,
340,,Primer- gray 4:1:1,,English colors,4200,,,,,,,,,,,No,
341,,Pro-Set Epoxy PSI ADV 175/273,,Composites One,605432,,,,,,,,,,,No,
342,,Pro-Set Manual Dispensing Gun,,Chemical Concepts,LOR3029937,,,,,,,,,Composites One,301853,No,
344,,Propane,,Sexton Welding,UN1075,,,,,,,,,,,No,
345,,Punch Set- drive pin misc. sizes,,Amazon,X0038XE4JZ,,,,,,,,,,,No,
346,,Q-Tip Applicators / Cotton Swabs,,Uline,S-18991-S1,,,,,,,,,,,No,
343,,QD Cup (rotating BL),,GrovTec PO,720201,,,,,,,,,,,No,
347,,QD Cups (hex special) Hollow Stock Push Button,,GrovTec/ AG Comp,720251F,,,,,,,,,,,No,
348,,Radio- Two-Way Retevis,,Amazon,X001COE7NP,,,,,,,,,,,No,
350,,Red Pillar Caps T-2,,McMaster,4491K136,,,,,,,,,,,No,
568,,Release film- 60.001 perforated,,Aircraft Spruce & Specialty,01-01528,,,,,,,,,,,No,
351,,Respirator 6502- 3M Half (Large),,Uline,H-4987,,,,,,,,,,,No,
352,,Respirator 6502- 3M Half (Medium),,Uline,H-4986,,,,,,,,,,,No,
353,,Respirator Filter 6502- 3M,,Uline,S-19184,,,,,,,,,,,No,
355,,Rod- 3 all thread 1/2 - 13,,McMaster,98750A103,,,,,,,,,,,No,
357,,Rod- 5 all thread 1/2 - 13,,Fastener Superstore,935660,,,,,,,,plugging,McMaster,98750A109,No,
359,,Rolling Step Stool - Red,,Uline,H-7846R,,,,,,,,,,,No,
361,,Router bit- XMHF 1/2 diamond profile,,Amazon,X001VC2K2N,,,,,,,,PL3,,,No,
362,,Rubber Bands- Business Source,,Amazon,,,,,,,,,,,,No,
363,,Rubber Mallet,,Uline,H-2215,,,,,,,,,,,No,
572b,,Rudder foam core,,,,,,,,,,,,,,No,
364,,Rustoleum Flat Black Enamel oil paint,,Home Depot,,,79.96,,,,,,,,,No,
366,,Safety Glasses,,Uline,S-15373,,,,,,,,,Global Industrial,T9F708119,No,
367,,Safety Goggles,,JB Tools,JB-SRX-S81220X,,,,,,,,,,,No,
368,,Safety Goggles Lens Covers,,JB Tools,SAS-5111,,,,,,,,,,,No,
371,,Sand Paper 120 Grit Mirka sheets,,English colors,,,,,,,,,,,,No,
372,,Sand Paper 180 grit sheets - dry,,McMaster,4724A138,,,,,,,,,,,No,
373,,Sand Paper 180 grit sheets - wet/dry 15 pack,,Amazon,,,,,,,,,,,,No,
374,,Sand Paper 220 grit sheets,,English Color,08111,,,,,,,,,,,No,
375,,Sand Paper 400 grit sheets,,English Color,08116,,,,,,,,,,,No,
376,,Sand Paper 600 grit sheets - dry,,,,,,,,,,,,,,No,
379,,Sand Paper 80 Grit Roll- 2.75 x 12 yards,,Amazon,B08GFMYKQZ,,,,,,,,,,,No,
377,,Sand Paper 80 grit - dry,,McMaster,,,,,,,,,,,,No,
381,,Sand Paper- 36 Grit belt,,McMaster,4744A614,,,,,,,,,,,No,
370,,Sand paper 120 Grit Mirka sheets,,Amazon,,,25.17,,,,,,,,,No,
369,,Sand paper 120 grit MAXMAN purple (preferred),,Amazon,,,,,,,,,,,,No,
382,,Sandblaster Media: 80 grit Blastite pallet = 500#s,,Brandt,Blastite 80,,,,,,,,PL1,,,No,
392,,Sandblaster part: pulley system,,Brandt Industries,WB6061C-S22C,,,,,,,,PL1,,,No,
396,,Sandblaster rubber twist tie - 24,,Amazon,X003DURLCF,,,,,,,,PL1,,,No,
401,,Sanding Disc 1000 grit 6 hook and loop (pack of 10),,McMaster,4321A33,,,,,,,,mold cleaning,,,No,
402,,Sanding Disc 120 grit 6 hook n loop ,,English Color,82408,,,,,,,,PL1,,,No,
403,,Sanding Disc 180 grit 6 hook & loop (Gold Pro),,English Color,USC082410,,,,,,,,PL1,,,No,
404,,Sanding Disc 220 Grit 12 Cloth Back,,McMaster,4700A752,,,,,,,,PL1,,,No,
405,,Sanding Disc 220 grit 6 hook and loop,,English Color,82411,,,,,,,,,,,No,
594,,Sanding Disc 320 grit 6 hook and loop,,,,,,,,,,,,,,No,
406,,Sanding Disc 36 grit 12 Cloth Back,,McMaster,4700A751,,,,,,,,PL1,,,No,
407,,Sanding Disc 80 grit 6 hook n loop ,,English Color,82406,,,,,,,,PL1,,,No,
408,,Sanding Disc- Autotoolhome- 2,,Amazon,,,,,,,,,,,,No,
410,,Scale- postal 25 lb,,Uline,H-3677,,,,,,,,,,,No,
413,,Screw- 1/2-13 x 1 1/2 black oxide socket head,,McMaster,91251A716,,,,,,,,PL3,,,No,
414,,Screw- 1/2-13 x 1 3/4 black oxide socket head,,McMaster,91251A718,,,,,,,,PL3,,,No,
312,,Screw- 10-32 x 2-full thread black oxide socket head,,McMaster,90044,,,,,,,,tail mold screws,PL2,,No,
433,,Sharpies,,McMaster,1661T11,,,,,,,,,,,No,
434,,Sharpies- bronze,,Amazon,,,,,,,,,,,,No,
439,,Sleeving- clear shrink 12.7 ,,Soller Composites,,,,,,,,,PL2,,,No,
440,,Slip 6- Zyvax Flex-Z 6.0,,Composites One,540105,,,,,,,,PL2,PL1,,No,
48,,Socket adapter 3/8 to 7/8,,Tekton.com,SID13022,,,,,,,,plugging,,,No,
441,,Space Heater- Vornado Velocity,,Amazon,80916L3XMR,,,,,,,,,,,No,
442,,Spartan Bipod adaptor,,javelinbipod.com,SP02-04-R,,,,,,,,shipping,,,No,
445,,Spot Drill- Center Drill- Plain #4,,Zoro,G2687273,,,,,,,,,,,No,
446,,Spreaders- yellow plastic 4,,Amazon,B00P3O22Y0745227008957,,,,,,,,PL1,,,No,
447,,Spreaders- yellow plastic 6,,Amazon,,,35.65,,,,,,PL1,,,No,
449,,Stain- General Finishes black gel,,Amazon,X001SREDLH,,,,,,,,PL1,Zoro,,No,
589,,Sticker (Don't Double Stack),,,,,,,,,,,,,,No,
451,,Stoner- green mold release for subs,,Stoner Molding,E497CSSTON01,,77.5,,,,,,PL1,,,No,
452,,Stoner- purple mold release for heat,,Stoner Molding,E236CSSTON02,,,,,,,,PL1,PL2,,No,
453,,Stool- tall w/adjustable legs,,Uline,H-3730BL,,,,,,,,,,,No,
588,,Strapping Kit (Shipping),,,,,,,,,,,,,,No,
455,,Stretch/shrink wrap (single roll),,Amazon,B0D6CFYK63,,,,,,,,shipping,,,No,
581,,Super Glue,,Amazon,,,,,,,,,,,,No,
457,,Surecool 200 ex (55 gal drum of coolant),,Sure Chem PO,,,,,,,,,PL3,,,No,
458,,Swivel Stud 3/8 FT 10-32,Purchased,GrovTec PO,050237,,,,,,,,,,,Yes,PL1
459,,Swivel Stud Spacers,Purchased,GrovTec PO,561303,,,,,,,,,,,Yes,PL1
460,,T-Handle Hex Key 3/16 6 total length,,McMaster,5374A16,,,,,,,,,,,No,
461,,T-Handle Hex Key 3/32 9 total length,,McMaster,5374A51,,,,,,,,,,,No,
465,,Tags- shipping inserts Bedding not necessary,,ULine,,,,,,,,,Shipping,,,No,
560a,,Tail Assembly - Elevator,,AGAT,,,,,,,,,PL2,,,No,
560,,Tail Assembly - Horizontal Stabilizer,,AGAT,,,,,,,,,PL2,,,No,
559a,,Tail Assembly - Rudder,,AGAT,,,,,,,,,,,,No,
559,,Tail Assembly - Vertical Stabilizer,,AGAT,,,,,,,,,,,,No,
565,,Tail Cone- 10,,,,,,,,,,,,,,No,
467a,,Tap- 1/2-13-plug chamfer uncoated- straight flute,,McMaster,26955,,,,,,,,PL3,Grainger,,No,
470,,Tap- 3/8 - 16- 2 long- threaded,,Machining Resources,T7236483,,,,,,,,,,,No,
473,,Tap- 3/8 - 16-6 long- threaded,,McMaster,2583,,81,,,,,1981-05-01,PL1,,1 on hand 7/10,No,
471,,Tap- 3/8-16- 4 Flutes- H3- Bright/Uncoated,,GoVets.com,G837601,,,,,,,,PL3,,,No,
474,,Tap- 9/16 - 18 H3 3 flute Hertel,,MSC Industrial,41113432,,,,,,,,,,,No,
475,,Tape Dispenser- multi roll 2,,Uline,H-440,,,,,,,,Facilities,,,No,
476,,Tape Logic- clear packing tape,,American Paper & Twine,250024,,,,,,,,Shipping,,,No,
477,,Tape Measure- NIST certified 16' x 1,,McMaster,1936A51,,,,,,,,PL1,PL2,PL3,No,
478a,,Tape- 2 x 216' masking for powder coating - mandrels,,McMaster,7630A175,,,,,,,,PL2,,,No,
479,,Tape- 3M Blue Painters- 1 x 60 yds,,ULine,S-6542,,,,,,,,PL1,PL2,,No,
480,,Tape- 3M Blue Painters- 2 x 60 yds,,Lowe's,590695,,,,,,,,PL1,PL2,PL3,No,
482,,Tape- 3M Orange vinyl- 2 x 36 yds,,ULine,S-10257O,,,,,,,,PL1,,,No,
483,,Tape- 3M Purple Masking-  2 x 60 yds,,ULine,S-21411,,,,,,,,PL1,,,No,
591,,Tape- Aluminum,,,,,,,,,,,,,,No,
592,,Tape- Duct 2,,,,,,,,,,,,,,No,
593,,Tape- Electrical Black 3/4,,,,,,,,,,,,,,No,
166,,Tape- Fiberglass (old),,McMaster,76455A19,,,,,,,,Facilities,,,No,
487,,Tape- ULine blue painters 2 x 60 yds,,Uline,S-9759,,,,,,,,PL1,,,No,
533,,Tape- fiberglass electrical 1/2 x 54',,McMaster,7574A24,,,,,,,,PL2,,,No,
585,,Tape- thread seal,,,,,,,,,,,,,,No,
574,,Timer (magnetic),,,,,,,,,,,,,,No,
491,,Toilet Bowl Cleaner- Husky 32 oz,,Uline,S-19372-S1,,,,,,,,Facilities,,,No,
492,,Toilet Paper,,ULine,S-6869,,,,,,,,Facilities,,,No,
338,,Tongue Depressors,,N AL Chemical,MIIMDS202065,,,,,,,,,,,No,
500,,Trash Can- Rubbermaid - 7 gal,,Uline,S-9970,,,,,,,,Facilities,,,No,
501,,Trash Can- Uline - 32 Gallon,,Uline,H-3687,,,,,,,,,,,No,
502,,Trash Can- Uline - 44 Gallon,,Uline,H-3688,,,,,,,,,,,No,
503,,Trash Can- Uline - 55 Gallon,,Uline,H-3689,,,,,,,,,,,No,
499,,Trash can dolly,,Uline,H-6550,,,,,,,,Facilities,,,No,
507,,Tripod Mount,,Blackline Precision,Arca Plates,,,,,,,,,,,No,
509,,Tubing- 1/2 ID- 1/8 wall clearflex x 100',,Abbott Rubber,8870-4515,,,,,,,,,,,No,
510,,Tubing/hose- black 20',,,,,,,,,,,,,,No,
511,,Tubing/hose- red 20',,,,,,,,,,,,,,No,
512,,Tumbler Fluid- General Purpose VF-77T,,C&M Topline,,,,,,,,,,,,No,
513,,Tumbler Media- Gray 5/8 x 1 5/8,,C&M Topline,ACC58-118M,,,,,,,,,,,No,
514,,Tumbler Media- Green 1 1/2 x 1,,C&M Topline,WG112-1X,,,,,,,,,,,No,
516,,Uline Trash Can Dolly,,Uline,H-7928,,,,,,,,,,,No,
517,,Uline Ultra AAA Alkaline Batteries 24/pack,,Uline,S-22762,,,,,,,,,,,No,
518,,Uline Ultra LR44 Coin Cell Batteries 5/pack,,Uline,S-23538,,,,,,,,,,,No,
519,,Vacuum Bagging Material- Nylon - WL7400- 36,,Fiberglass Supply,M13-7879,,,,,,,,PL2,,,No,
522,,Visegrips,,Lowe's,,,,,,,,,,,,No,
523,,Walkie Talkie Radios- Retevis RT22,,Amazon,,,46.99,,,,,,,,,No,
529,,Washer- MILSPEC 5/8 cadmium plated,,McMaster,95229A600,,,,,,,,,,,No,
530,,Washers- black nylon,,Seastrom,5610-547-15-BLK,,,,,,,,general tasks,,,No,
531,,Wedges- clear plastic 2.39 x 3.52,,Amazon,,,14.99,,,,,,tubes,,,No,
472,,Wing Assembly,,StrataG,,,,,,,,,,,,No,
532,,Wood Carving Tools- set,,Amazon,,,,,,,,,QC,,,No,
567,,Wood- Finnish Birch 24 x 48 x 5mm,,Aircraft Spruce & Specialty,02-20750,,,,,,,,,,,No,
535,,Ziploc Bags- gallon storage,,Home Depot,204236317,,,,,,,,cutting table,,,No,
537,,Ziploc Bags- red for FG (min. 9 x 12),,Amazon,,,,,,,,,cutting table,,,No,
538,,Zolatone Black,,Auto Body Toolmart,1807714,,,,,,,,,,,No,
539,,Zolatone Charcoal/Lilith Gray,,Auto Body Toolmart,1701096,,,,,,,,,,,No,
540,,Zyvax Mold Sealer,,Composites One,214309,,,,,,,,,,,No,
541,,Zyvax Surface Cleaner,,Composites One,214312,,,,,,,,,,,No,
569,,electric foam cutting tool,,Uline,H-11291,,,,,,,,,,,No,