AG Part #,SKU,Name,Source,Supplier Part #,Cost per,Order Date,Notes,Utilized,Secondary Source,Supplier Part #
,,,, ,,,,,,
590,, 3 Hole Punch,Amazon,,,,,Admin,,
1,,3M 7447 General Purpose Hand Pads 20/carton (maroon),Walmart,,$27/20,,,PL1,,
2,Stock,3mm Glass Bubble,Palmer Holland,3M 25k Glass Bubbles,$491.20 ,3/28/2025,for mix,PL1,,
3,,Acetone,English Color,192,$94.53 ,6/30/2025,,PL1,,
4,,"Air Filter, 12"" x 12""",Lowes,,,,old mix room; bathroom,Facilities,,
5,,"Air Filter, 12"" x 30"" Filtrete",Prowess Global,HDWRCTF-12,$5.37 ,1/19/2022,CNC coolant filters,PL3,,
46,,"Air Filters, 16"" x 25"" x 2"" Intake",Amazon,Glassfloss 16x25x2,$7.56 ,3/26/2025,green front office roof,Facilities,,
8,,"Air Filters, Paint Booth, 20 x 20 Arrestor",English Color,400020,$103.40 ,5/20/2025,blue paint booth,PL1,,
9,,"Air Filters, Paint Booth, 20 x 20 Tacky",English Color,PNL205-2020,$93.73 ,4/25/2025,green paint booth,PL1,,
6,,Air Filters 20 x 30,Lowes,518726,4.97/2,2/7/2022,lay up room,Facilities,,
7,,Air Filters 24 x 30,Lowes,258976,9.97/3,2/7/2022,lay up room,Facilities,,
10,,"Air Fittings Kit, 42 piece",Lowe's,896805,$54.98 ,2/15/2022,air compressor,Facilities,,
11,,"Air Hose repair kit, 3/8""",Lowes,357420,$5.98 ,3/29/2022,air compressor,Facilities,,
12,,Air Tool Oil,McMaster,2158K46,$11.31 ,3/14/2022,,Facilities,,
13,,Aluminum Foil,Grainger,4UGG6,$138.02 ,2/1/2022,for ovens,Facilities,,
14,,Aluminum Step Stand - 2 Steps,Uline,H-7905,$301.00 ,7/14/2021,,Facilities,,
365,,"Anodizing, Black MIL-PRF-8625 Rev.F(2) Type2, Class2",United Plating,UPI 5,,,black anodizing of parts,"Services, PL1",,
15,Stock,"Arca Rails 6""",AG Composites,,,,,PL1,,
15a,Stock,"Arca Rails 4""",AG Composites,,,,,PL1,,
570,SG1290-001,"Bandit Fuselage, 10"" tube",,,,,,PL2,,
560,SG01545,Bandit Horizontal Stabilizer,AGAT,,,,,PL2,,
560a,SG01545,Bandit Horizontal Stabilizer Elevator,AGAT,,,,,PL2,,
560aa,SG01545,"Bandit Elevator - Wood Pieces - Elevator Inner teardrop 1""W x 4 7/8""L (1"" x 4 1/2"")",StrataG,1570-005,N/A,2/25/2025,customer supplied parts,PL2,,
560ab,SG01545,"Bandit Elevator - Wood Pieces - Elevator Outer teardrop 1""W x 4 7/8""L (1"" x 4 1/2"")",StrataG,1570-007,N/A,2/25/2025,customer supplied parts,PL2,,
560ac, SG01545,"Bandit Elevator Foam Core - Carbon Fiber tube, 0.035"" Wall Thickness, 0.320"" OD x 22 1/2""",Clearwater Composites,0.250-0.320-UD-72,$50.00 ,,Pivot Tube 2-4 week lead time,PL2,,
560b,SG01545,"Bandit Horizontal Stabilizer - Wood Pieces - HI triangle 5"" x 5"" x 1 1/8"" (4 9/16"" x 1"")",StrataG,1569-005,N/A,2/25/2025,customer supplied parts,PL2,,
560c,SG01545,"Bandit Horizontal Stabilizer - Wood Pieces - HO triangle 5"" x 5"" x 1 1/8"" (4 9/16"" x 1"")",StrataG,1569-007,N/A,2/25/2025,customer supplied parts,PL2,,
560d,SG01545,Bandit Horizontal Stabilizer Foam Core,Windcatcher RC,24x24x3,$165.73 ,2/25/2025,vertical tail stabilizer core,PL2,,
560e,SG01545,"Bandit Horizontal Stabilizer Foam Core - Carbon fiber tube, 3/4"" x .82"" x 48""",Clearwater Composites,0.750-0.820-TW-96,$84.87 ,3/5/2025,horizontal stabilizer spar,PL2,,
565,SG01291-001,"Bandit tailcone, 10""",,,,,,PL2,,
559,SG01544,Bandit Vertical Stabilizer,AGAT,,,,,PL2,,
559a,SG01544,Bandit Vertical Stabilizer Rudder,AGAT,,,,,PL2,,
559aa,SG01544,"Bandit Rudder - Wood Cap - Upper teardrop 3/4""W x 3 5/8""L",StrataG,1568-007,N/A,4/3/2025,customer supplied parts,PL2,,
559ab,SG01544,"Bandit Rudder - Wood Cap - Lower teardrop 1 15/16""W x 7""L",StrataG,1568-005,N/A,2/25/2025,customer supplied parts,PL2,,
559ac,SG01544,"Bandit Rudder - Carbon Fiber tube, 0.035"" Wall Thickness, 0.320"" OD x 24 1/2""",Clearwater Composites,0.250-0.320-UD-72,$50.00 ,,Pivot Tube 2-4 week lead time,PL2,,
559b,SG01544,Bandit Vertical Stabilizer Foam Core,Windcatcher RC,48x26x3,$267.03 ,2/25/2025,vertical tail stabilizer core,PL2,,
559b(1),SG01544,Bandit Vertical Stabilizer Foam Core center plug,,,,,used during mold assembly,PL2,,
559c,SG01544,"Bandit Vertical Stabilizer - Wood Cap - VT Upper triangle 7/8"" x 3 5/8"" x 3 5/8"" (3/4"" x 3 5/8"")",StrataG,1566-007,N/A,2/25/2025,customer supplied parts,PL2,,
559d,SG01544,"Bandit Vertical Stabilizer - Wood Cap - VT Lower trapezoid 1 1/4"" x 1 7/8"" x 1 5/8"" x 1 7/8""",StrataG,1566-005,N/A,2/25/2025,customer supplied parts,PL2,,
559e,SG01544,"Bandit Vertical Stabilizer - Spar, Carbon fiber tube, 3/4"" x .82"" x 37""",Clearwater Composites,0.750-0.820-TW-96,$84.87 ,2/19/2025,tail assembly spar,PL2,,
559f,SG01544,"Bandit Vertical Stabilizer - Spar, Carbon fiber tube, 3/4"" x .82"" x 39""",Clearwater Composites,0.750-0.820-TW-96,$84.87 ,,tail assembly spar,PL2,,
559g,SG01544,"Bandit Vertical Stabilizer Beacon Light Insert .86""OD x 3/4""ID x 36""",McMaster,5287T625,,,carbon fiber tube to cut into size,PL2,,
559h,SG01544,"Bandit Vertical Stabilizer Wood Servo Plate 2"" x 3""",Strata-G,SG01567-001,$0.00 ,4/22/2025,vertical stabilizer,PL2,,
472,SG01296,Bandit Wing,StrataG,,,,,PL2,,
472a,SG01296,"Bandit Wing, Carbon Fiber Tube, .875"" x .991"" x 36""",Clearwater Composites,0.875-0.990-TW-36,$49.50 ,12/2/2024,Bandit wing spar,PL2,,
472b,SG01296,"Bandit Wing, Carbon Fiber Tube, 1 5/8"" x 1 3/4"" x 72""",Clearwater Composites,1.625-1.753-TW-72,$221.50 ,12/2/2024,Bandit wing spar,PL2,,
472c,SG01296,"Bandit Wing, Carbon Fiber Tube, 1.5"" x 1.616"" x 72""",Clearwater Composites,1.500-1.616-TW-72,$210.00 ,12/2/2024,Bandit wing spar,PL2,,
472d,SG01296,"Bandit Wing, Carbon Fiber Tube, 1"" X 1 1/8"" x72"" ",Clearwater Composites,1.000-1.128-TW-72,$158.00 ,12/2/2024,Bandit wing spar,PL2,,
472e,SG01296,"Bandit Wing, Wood, Finnish Birch 24"" x 48"" x 5mm",Aircraft Spruce & Specialty,02-20750,$88.90 ,12/4/2024,Bandit wing ribs,PL2,,
472f,SG01299-103,Bandit Wing Aileron,StrataG,,,,,PL2,,
472f(1),SG01299-103,"Bandit Wing Aileron, Carbon Fiber Tube, 1/8"" wall, 1/2"" OD, 33"" long",McMaster,8069N12,$192.85 ,5/21/2025,aileron pivot tube,PL2,,
472f(2),SG01299-103,"Bandit Wing Aileron, Wood, end caps teardrop 5 1/4"" x 1 1/4""",StrataG,SG01299-003,N/A,4/3/2025,customer supplied part,PL2,,
16,,"Barrel Pump, ATD",Walmart,,$36.99 ,3/30/2022,,Facilities,,
54,,"Battery, 3.6v lithium",Amazon,,$29.99 ,1/31/2025,for machine probes,Facilities,,
17,,"Battery, SR44",Amazon,,,1/17/2025,calipers,Facilities,,
123,,"Batteries, Duracell® D Alkaline 12/box",Uline,S-15607,$19.00 ,11/9/2021,,Facilities,,
517,,"Batteries, Uline Ultra AAA Alkaline 24/pack",Uline,S-22762,$8.00 ,2/26/2020,,Facilities,,
518,,"Batteries, Uline Ultra LR44 Coin Cell 5/pack",Uline,S-23538,$6.00 ,3/15/2021,,Facilities,,
18,,"Belt, A33 1/2""wide 5/16"" thick",Grainger,5X995,$11.85 ,2/22/2022,for exhaust system,Facilities,,
19,,"Belt, A58 1/2"" wide, 60"" outside length",MSC Industrial,43809136,$12.00 ,5/15/2024,,Facilities,,
20,,"Binder clips, 1/2""",Uline,S-25650,$9.00 ,11/25/2024,,Admin,,
21,,"Bins, plastic, 8.5x12x4, shelf",Uline,S-13398,$2.85 ,1/25/2022,,Facilities,,
22,,Blade Disposal Container jumbo yellow,Uline,S-18775,$18.00 ,2/3/2022,,Facilities,,
573,,"Blades, snap-off",Amazon,X003YCDZ13,$7.80 ,6/16/2025,paint,PL1,,
23,,"Blades, Utility 100 ct Workpro Dispenser",amazon.com,B015W3AKDQ,$9.98 ,6/12/2025,,Facilities,,
25,,Bondo 20126 Fiberglass Resin Liquid Hardener - 22 ml,"
Amazon",,$14.25 ,9/12/2024,,PL1,,
26,,"Box 22""x18"" easy fold mailers",Uline,S-14242,$4.10 ,10/22/2021,,Shipping,,
27,,"Box 24""x12""x10"" file storage",Uline,S-3888,$7.00 ,1/3/2022,,Admin,,
28,,"Box 3""x3""x3""",Uline,S-13287,$0.31 ,5/27/2021,,Shipping,,
576,,"Box, 10 x 5 x 3""        ",Uline,S-22621,$1.22 ,2/20/2025,bottom metal,Shipping,,
29,Stock,"Box 36"" x 15"" x 15"" w/inserts ",TN Valley Packaging,,,,holds 18 stocks,Shipping,,
30,Stock,"Box 36""x10""x10""",Uline,S-4672,$2.77 ,5/27/2025,holds 3-4 stocks,Shipping,,
31,Stock,"Box 36""x12""x12""",Uline,S-4418,$2.37 ,5/27/2025,holds 5-6 stocks,Shipping,,
32,Stock,"Box 36""x8""x4""",Uline,S-18427,$1.54 ,6/26/2025,holds 1-2 stocks,Shipping,,
33,Stock,"Box 40"" x 20"" x 20"" (for Midway)",Uline,S-18929,$15.11 ,3/24/2025,for Midway shipping,Shipping,,
34,Stock,"Box 7 5/8""x4 1/4""x3 3/4"" white mailers (two mug box)",Uline,S-6130,$1.51 ,2/24/2021,for small items,Shipping,,
98,,Breather Bleeder 4.5oz,Aircraft Spruce,01-14810,$3.45 ,4/25/2024,vacuum bagging,PL2,,
35,Stock,Bubble Sleeves,Associated Bag,"3/16""",,,,Shipping,,
36,,Bubble Sleeves,Associated Bag,,,,,Shipping,,
37,,"Bubble Wrap 1/2"" x 24"" X 250'",American Paper & Twine,PA-012-24P12,$50.50 ,4/20/2022,,Shipping,,
38,,"Bubble Wrap 1/2"" x 48"" x 250 perf 12""",American Paper & Twine,42637,$74.64 ,10/23/2024,big bubbles for AS products,Shipping,,
39,,"Bubble Wrap 3/16"" 24""x750'",American Paper & Twine,PA-316-24P12,$94.30 ,4/20/2022,,Shipping,,
289,,"Bucket, 2 gallon plastic",Amazon,,,7/18/2025,plugging,PL1,,
40,,"Buffing Compound Kit, United Abrasives",Amazon,,$20.37 ,1/28/2022,,"PL1, PL2",,
41,,Buffing Wheel,Amazon,,,,,PL1,,
42,Stock,"Buttpads, Medium",Lyman,7780,$8.50 ,9/10/2024,,PL1,,
43,Stock,"Buttpads, XL",Lyman,7287,$9.15 ,3/28/2022,,PL1,,
44,,"C-Clamp, steel sliding T-handle",McMaster,5027A16,$85.16 ,3/4/2022,mold assembly,"PL1, PL2",,
301,,"Carbon Fiber - 250F Epoxy - 39.4"" Wide x 0.011"" Thick - Standard Modulus - 3k 2x2 Twill Weave - (366 gsm OAW)",Rock West Composites,14033,,,,PL2,,
301a,4002P0001 RevH 4002P001RevK,Carbon Fiber Twill shell for Disruptor fuselage ,Rock West Composites,14033,,,Disruptor fuselage,PL2,,
301b,SG01291-001,Carbon Fiber Twill piece for Bandit tailcone,Rock West Composites,14033,,,Bandit tailcone,PL2,,
301c,SG01291-001,Carbon Fiber Twill piece for Bandit tailcone collar,Rock West Composites,14033,,,Bandit tailcone,PL2,,
301d,4002P001RevK,"Carbon Fiber Twill piece for Disruptor fuselage 2.0 3.75"" 0°",Rock West Composites,14033,,,Disruptor fuselage,PL2,,
301e,4002P001RevK,"Carbon Fiber Twill piece for Disruptor fuselage 2.0 22.25"" 90° ",Rock West Composites,14033,,,Disruptor fuselage,PL2,,
301f,4002P001RevK,"Carbon Fiber Twill piece for Disruptor fuselage 2.0 13.75"" 0°",Rock West Composites,14033,,,Disruptor fuselage,PL2,,
301g,4002P001RevK,"Carbon Fiber twill piece for Disruptor fuselage 2.0 3.5"" 45°",Rock West Composites,14033,,,Disruptor fuselage,PL2,,
301h,4002P001RevK,"Carbon Fiber twill piece for Disruptor fuselage 2.0 21.75"" 45°",Rock West Composites,14033,,,Disruptor fuselage,PL2,,
301i,4002P001RevK,"Carbon Fiber twill piece for Disruptor fuselage 2.0 13.5"" 45°",Rock West Composites,14033,,,Disruptor fuselage,PL2,,
542,SG01291-001,"Carbon Fiber - 250F Resin System - 39.37"" Wide x 0.006"" Thick - Standard Modulus - Unidirectional",Rock West Composites,14002,,,,PL2,,
542a,SG01291-001,Carbon Fiber 10in tailcone Collar 0 Deg Uni Ply,Rock West Composites,14002,,,Bandit tailcone,PL2,,
542b,SG01291-001,Carbon Fiber 10in tailcone Collar 90 Deg Uni Ply,Rock West Composites,14002,,,Bandit tailcone,PL2,,
542c,SG01291-001,Carbon Fiber 10in tailcone 90 Deg Uni Tapered Piece,Rock West Composites,14002,,,Bandit tailcone,PL2,,
542d,SG01291-001,Carbon Fiber 10in tailcone 90 Deg Uni Small Strip,Rock West Composites,14002,,,Bandit tailcone,PL2,,
542e,SG01291-001,Carbon Fiber 10in tailcone 0 Deg Uni,Rock West Composites,14002,,,Bandit tailcone,PL2,,
542f,4002P0001 RevH 4002P001RevK,Carbon Fiber Disruptor fuselage shell 0° Uni,Rock West Composites,14002,,,Disruptor fuselage,PL2,,
542g,4002P0001 RevH 4002P001RevK,Carbon Fiber Disruptor fuselage shell 90° Uni,Rock West Composites,14002,,,Disruptor fuselage,PL2,,
542h,4002P001 Rev K,"Carbon Fiber Disruptor fuselage piece 31"" x  36 7/8"" 90° Uni",Rock West Composites,14003,,,Disruptor fuselage,PL2,,
542i,4002P001 Rev K,"Carbon Fiber Disruptor fuselage piece 36"" x  36 7/8"" 90° Uni",Rock West Composites,14004,,,Disruptor fuselage,PL2,,
543,,Carbon Fiber - MTC581-C200T-AS4C-3K-42% RW50 twill,SHD,SHDUS0930-(1270)-50,,,,PL2,,
543a,SG01290-001,Carbon Fiber Twill piece for Bandit fuselage,SHD,SHDUS0930-(1270)-50,,,Bandit fuselage,PL2,,
550,,Carbon Fiber - VTC401-C200PW-282-PRIMETEX-AS4C-3K-42%RW-50 ,SHD,SHDUS0940-50,N/A,,,PL2,,
550a,SG01296,Carbon Fiber Bandit wing skin,SHD,SHDUS0940-50,N/A,,Bandit wing,PL2,,
550b,SG01545,Carbon Fiber Horizontal stabilizer shell,SHD,SHDUS0940-50,N/A,,Bandit horizontal stabilizer,PL2,,
550c,SG01545,"Carbon Fiber horiz stabilizer reinforcement 10"" x 12"" w/ holes",SHD,SHDUS0940-50,N/A,,Bandit horizontal stabilizer,PL2,,
550d,SG01545,"Carbon Fiber horizontal stabilizer wing tip seam 18"" x 4""",SHD,SHDUS0940-50,N/A,,Bandit horizontal stabilizer,PL2,,
550e,SG01545,"Carbon Fiber horiz stabilizer reinforcement 24"" x 6"" x 4"" w/ holes",SHD,SHDUS0940-50,N/A,,Bandit horizontal stabilizer,PL2,,
550f,SG01545,Carbon Fiber Horizontal stabilizer shell -45° w/pre-cut holes,,SHDUS0940-50,N/A,,Bandit horizontal stabilizer,PL2,,
550g,SG01545,"Carbon Fiber vert attachment plate reinforcement 6"" x 2"" w/ holes",,SHDUS0940-50,N/A,,Bandit horizontal stabilizer,PL2,,
550h,SG01545,"Carbon Fiber horizontal stabilizer trailing edge seam 21"" x 2""",SHD,SHDUS0940-50,N/A,,Bandit horizontal stabilizer,PL2,,
550i,SG01545,"Carbon Fiber horiz stabilizer leading edge seam 24.5"" x 3""",SHD,SHDUS0940-50,N/A,,Bandit horizontal stabilizer,PL2,,
550j,SG01545,"Carbon Fiber horizontal stabilizer reinforcement 24"" x 6"" x 4""",SHD,SHDUS0940-50,N/A,,Bandit horizontal stabilizer,PL2,,
550k,SG01545,"Carbon Fiber Horizontal stabilizer shell +45° with ""XXs"" ",SHD,SHDUS0940-50,N/A,,Bandit horizontal stabilizer,PL2,,
550m,SG01544,Carbon fiber vertical stabilizer shell,SHD,SHDUS0940-50,N/A,,Bandit vertical stabilizer,PL2,,
550n,SG01544,"Carbon fiber vertical stabilizer bottom flange P10 21.25"" x 8.5""",SHD,SHDUS0940-50,N/A,,Bandit vertical stabilizer,PL2,,
550p,SG01544,"Carbon fiber vertical stabilizer bottom flange P9 21.25"" x 9.5""",SHD,SHDUS0940-50,N/A,,Bandit vertical stabilizer,PL2,,
550q,SG01544,"Carbon Fiber vert stabilizer bottom flange P8 21.25"" x 10.5""",SHD,SHDUS0940-50,N/A,,Bandit vertical stabilizer,PL2,,
550r,SG01544,"Carbon Fiber vert stabilizer bottom flange P7 21.25"" x 11.5""",SHD,SHDUS0940-50,N/A,,Bandit vertical stabilizer,PL2,,
550s,SG01544,"Carbon Fiber vert stabilizer bottom flange P6 21.25"" x 12.5""",SHD,SHDUS0940-50,N/A,,Bandit vertical stabilizer,PL2,,
550t,SG01544,"Carbon Fiber vertical stabilizer bottom flange P5 21.25"" x 13.5",SHD,SHDUS0940-50,N/A,,Bandit vertical stabilizer,PL2,,
550u,SG01544,"Carbon Fiber vertical stabilizer bottom flange P4 21.25 "" x 14.5""",SHD,SHDUS0940-50,N/A,,Bandit vertical stabilizer,PL2,,
550v,SG01544,"Carbon Fiber vertical stabilizer top flange P10 15"" x 6""",SHD,SHDUS0940-50,N/A,,Bandit vertical stabilizer,PL2,,
550w,SG01544,"Carbon Fiber vertical stabilizer top flange P9 15"" x 7""",SHD,SHDUS0940-50,N/A,,Bandit vertical stabilizer,PL2,,
550x,SG01544,"Carbon Fiber vertical stabilizer top flange P8 15"" x 8""",SHD,SHDUS0940-50,N/A,,Bandit vertical stabilizer,PL2,,
550y,SG01544,"Carbon Fiber vertical stabilizer top flange P7 15"" x 9""",SHD,SHDUS0940-50,N/A,,Bandit vertical stabilizer,PL2,,
550z,SG01544,"Carbon Fiber vertical stabilizer top flange P6 15"" x 10""",SHD,SHDUS0940-50,N/A,,Bandit vertical stabilizer,PL2,,
550(1),SG01544,"Carbon Fiber vertical stabilizer top flange P5 15"" x 11""",SHD,SHDUS0940-50,N/A,,Bandit vertical stabilizer,PL2,,
550(2),SG01544,"Carbon Fiber vertical stabilizer top flange P4 15"" x 12""",SHD,SHDUS0940-50,N/A,,Bandit vertical stabilizer,PL2,,
550(3),SG01544,"Carbon Fiber vertical stabilizer leading edge seam 29"" x 3""",SHD,SHDUS0940-50,N/A,,Bandit vertical stabilizer,PL2,,
550(4),SG01544,"Carbon Fiber vertical stabilizer trailing edge seam 23"" x 3""",SHD,SHDUS0940-50,N/A,,Bandit vertical stabilizer,PL2,,
550(5),SG01544 SG01545,"Carbon Fiber reinforcement piece 3"" x 2""",SHD,SHDUS0940-50,N/A,,Bandit horizontal stabilizer Bandit vertical stabilizer,PL2,,
550(7),SG01544,"Carbon Fiber Elevator Shell 20 5/8"" x 6 5/8""",SHD,SHDUS0940-50,N/A,,Bandit elevator,PL2,,
550(8),SG01544,"Carbon Fiber Elevator Seam 20 5/8"" x 4""",SHD,SHDUS0940-50,N/A,,Bandit elevator,PL2,,
550(9),,"Carbon Fiber Rudder Shell 23"" x 14 3/4""",SHD,SHDUS0940-50,N/A,,Bandit Rudder,PL2,,
550(10),,Carbon Fiber Rudder Seam,SHD,SHDUS0940-50,N/A,,Bandit Rudder,PL2,,
550(11),SG01299-103,Carbon Fiber Aileron Shell,SHD,SHDUS0940-50,N/A,,Bandit Aileron,PL2,,
550(12),SG01299-103,Carbon Fiber Aileron Seam,SHD,SHDUS0940-50,N/A,,Bandit Aileron,PL2,,
552,,Carbon Fiber mtc581-ud150-sts40-24k-36%rw-610 uni,SHD,SHDUS0931-610,N/A,,,PL2,,
552a,SG01290-001,Carbon Fiber Bandit fuselage 0 Deg Uni,SHD,SHDUS0931-610,N/A,,Bandit fuselage,PL2,,
552b,SG01290-001,Carbon Fiber Bandit fuselage 90 Deg Uni,SHD,SHDUS0931-610,N/A,,Bandit fuselage,PL2,,
49,Stock,"Carbon Fiber, Chopped Flake 1/4""",Zoltek,,$11.00 ,,,PL1,,
64,,"Carbon Fiber tube, 0.035"" Wall Thickness, 0.320"" OD x 6'",McMaster,5287T72,$82.62 ,3/10/2025,Pivot tube back-up part,PL2,,
52,,"Cart, Black 30"", 1-Drawer",Harbor Freight,71213,$129.99 ,8/13/2024,AGAT,Facilities,,
53,,"Cart, Gray 36"", 1200 lbs",Global Industrial,WB752245,$249.50 ,9/23/2024,"they prefer the 48"" cart",Facilities,Global Industrial,752245
336,,"Casters, black rigid (set of 2 rigid & 2 swivel)",Global Industrial,WB232CP3,$49.95 ,9/27/2024,for holding tube,PL2,,
584,,"Casters, red rigid (pair) ZDNEY #"" x 2""",Amazon,X0048JO3PD,$52.99 ,9/27/2024,for holding tube,PL2,,
57,,"Casters, Samson 8"" open bearing",https://www.mcmaster.com/30305T16/,30305T16,$63.50 ,10/3/2024,tube trolleys,PL2,,
58,Stock,Catalyst,Sherwin Williams PO,V66V27,$242.47 ,2/18/2025,,PL1,,
59,,"Caution Post, yellow Do Not Enter",Uline,H-5097,,9/19/2024,,Facilities,,
55,,Certificate of Conformance,N/A,N/A,N/A,N/A,,PL2,,
56,,Certificate of Conformance - Traceability,Clearwater Composites,CofC Traceability,$75.00 ,,,PL2,,
60,,"Chair, mesh back, office task",Uline,H-3642,$143.00 ,2/18/2022,,Facilities,,
571,,Chalk,,,,,,PL1,,
R&D,,ChemTrend Chem Lease,Composites One,224488,,11/6/2024,R&D,PL2,,
62,,"Clear Coat Hardener, TCI 602",English Color,602Q,$40.00 ,9/30/2024,for tubes - old,PL2,,
63,,"Clear Coat, TCI 6050",English Color,6050G,$90.00 ,9/30/2024,for tubes - old,PL2,,
65,,"Coffee Creamer, N'Joy Non-Dairy",Amazon,,$12.60/6,3/22/2022,,Facilities,,
66,,Collet Screw On Adaptor ED20 Zeta,T-Tool,SCHED20Zeta,$36.10 ,10/9/2024,,PL3,,
67,,"Collet, ER-16, 3/16""",McMaster,3215A306,$37.00 ,3/2/2022,,PL3,,
68,,"Collet, ER-16, 3/8""",McMaster,3215A313,$37.00 ,3/2/2022,,PL3,,
69,,"Collet, ER-25, 1/2""",McMaster,3669N26,$41.00 ,3/2/2022,,PL3,,
70,,"Collet, ER-25, 1/4""",McMaster,3669N17,$41.00 ,3/2/2022,,PL3,,
71,,"Collet, ER-25, 3/8""",McMaster,3669N22,$41.00 ,2/1/2022,,PL3,,
72,,"Collet, ER-32, 1/2""",McMaster,3321A18,$46.00 ,3/2/2022,,PL3,,
73,,"Collet, ER-32, 3/8""",McMaster,3321A16,$46.00 ,3/2/2022,,PL3,,
74,,"Collet, ER16, 1/4""",McMaster,3215A308,$37.00 ,3/2/2022,,PL3,,
75,,"Compressor Oil, Smartoil 6000 synthetic 8,000 hrs.",Hertz Kompressoren USA,,,12/29/2021,,Facilities,,
76,,CoolSpace water treatment tablets (Big Ass Fan Evaporator),Mobile Distributor Supply,CLSCS-T101,$34.00/4,5/5/2022,one tablet every 6 wks,Facilities,,
77,,Cups and Lids (3M),English Color,16000,$146.83 ,4/25/2025,,PL1,,
78,,"Cups, 16 oz clear",Uline,S-22276,$80/1000,4/18/2022,,Facilities,,
79,,"Cups, 9 oz clear (short)",Uline,S-22273,$77/1000,5/5/2025,,"PL1, PL2",,
80,,"Cutting Table Blades, medium mkt for ttc",Gunnar,PT-GZ16,$44.00 ,4/7/2025,,"PL1, PL2",,
544,,Cutting table servo motor driver for Novex,Gunnar,PT-102291,,12/17/2024,,Services,,
82,,Deburring Blades (10 piece set),Amazon,7.38771E+11,$8.67 ,1/27/2022,,"PL1, PL3",,
81,,Defoamant - 1 (5 gal),SureChem,Defoamant-1,$290.00 ,3/3/2025,foam remover from coolant,PL3,,
83,,"Deluxe Folding Table - 48 x 24""",Uline,H-3137AGR,$175.00 ,3/30/2021,,Facilities,,
85,,Digital Caliper,McMaster,8647A42,$144.93 ,4/7/2022,,Facilities,,
86,,"Dish Detergent, Dawn",American Paper & Twine,744896,$57.76 ,9/3/2024,,Facilities,,
89,,"Disinfectant, spray, Lysol",Walmart,36241046750,$6.97 ,3/14/2022,,Facilities,,
92,,Disposable Mask,Uline,S-22137,$10.00 ,,,Facilities,,
90,,"Disposable Protective Coat, Tyvex",McMaster,5593T11,$5.60 ,4/30/2025,,Facilities,Uline,S-9647B-L
93,,"Disposable Protective Suit (L,XL,XXL) Tyvex",Zoro,G0083903,$172.99 ,9/23/2025,,Facilities,McMaster,5231T37
91,,"Disposable Sleeve, Tyvek PPE 18""",McMaster,5583T18,$1.39/pair,7/16/2025,,Facilities,Uline,S-13893E
438,4002P0001 RevH,"Disruptor 12"" fuselage tube",StrataG,,,,Disruptor fuselage,PL2,,
489,4002P0001 RevK,"Disruptor 12"" fuselage tube",StrataG,,,,Disruptor fuselage,PL2,,
100,,Dremel accessories,Amazon,,$19.99 ,2/3/2022,mold polishing,PL1,,
101,,"Dremel tool, variable speed",Amazon,7760N10,$54.97 ,2/15/2022,mold polishing,PL1,,
48,,"Drill adapter, tight-clearance right angle",McMaster,8787A14,$36.87 ,3/3/2025,,"PL1, PL2",,
358,,"Drill, spotting 5/8 x 1.25 x 3.5 Harvey Tool Co. 2F, coated AITin",MaxTool,12940-C3,$155.27 ,5/6/2025,cutting holes,PL3,,
108,,Drill Bit Dovetail HSS 1-3/8x45° for Arca Rails,Industrial Tooling ,10264,$89.10 ,10/21/2024,call office 256-353-5100,PL3,,
113,,"Drill Bit, 5mm diamond coated",McMaster,3162A59,$47.86 ,12/2/2024,,PL3,,
580,,Drill bit 3/64 x 1 3/4 uncoated,McMaster,8870A13,,4/10/2025,for AS parts,PL3,,
114,ok,"Drill Bit, 7 gauge 3 5/8"" long (uncoated)",McMaster,2901A178,$3.36 ,8/7/2024,,PL1,,
110,,"Drill Bit, 21 Gauge x 2-1/8"" TiN coated",Machining Resources,DN515221,$2.27 ,10/17/2025,swivel stud holes,"PL1, PL3",McMaster,2896A533
103,,"Drill Bit 21 gauge x 3.25"" TiN Coated",AFI,YGTD2GP187236,$1.77 ,7/7/2025,,PL1,McMaster,27995A633
102,ok,"Drill bit 1/8"" x 1 7/8"" black oxide",McMaster,2896A16,$1.75 ,11/14/2024,,PL1,,
557,,"Drill bit 1/8 x 1/2 x 1 1/2, style D fiberglass router ",MSC,30821516,$11.53 ,1/21/2025,AS tooling,PL3,,
549,,"Drill bit, 1/4"" x 2 3/8"" threaded shank",McMaster,8824A44,,3/3/2025,,"PL1, PL3",,
109,,"Drill bit, 1/4"" uncoated, 4""OAL",McMaster,8870A127,$26.75/12,3/23/2022,,PL3,,
111,ok,"Drill Bit, 5/16, 4 1/2"" long",Machining Resources,D1GP182020,$2.75 ,3/24/2025,75 on hand 7/10,PL1,McMaster,8870A132
112,ok,"Drill bit, 5/16"" x 3"" long",,,,,10 on hand 7/10,PL1,,
106,ok,"Drill bit 3/8"" x 5"" long",Machining Resources,D1GP182024,$3.70 ,7/27/2021,2 on hand 7/10,PL1,McMaster,8870A136
87,ok,"Drill bit 13/32 x 5.25"" long",,D1GP182026K YG1,,,3 on hand 7/10,PL1,,
88,ok,"Drill bit 13/32 x 5.5"" long",,Chicago Latrobe 45626,,,22 on hand 7/10,PL1,,
104,ok,"Drill Bit 27/64, black oxide 5 3/8""",Machining Resources,D1GP182027,$4.80 ,3/25/2022,50 on hand 7/10,PL1,McMaster,2901A587
115,ok,"Drill Bit, 7/8"", Widia part 14289, reduced shank, coated",Grainger,6WUX9,$29.52 ,3/30/2022, ,PL3,,
116,ok,"Drill bit, Size H x 4 1/8"" long (uncoated)",Machining Resources,D1GP139108,$2.33 ,,45 on hand 7/10,PL1,McMaster,30595A38
117,,"Drill bit, Size Q x 4 3/4"" long (uncoated)",McMaster,30595A48,$6.47 ,2/27/2025,,PL3,,
555,,Drill bit .098 SC CFRP w/DLC,MaxTool,ONSRUD85-915,$78.77 ,11/13/2024,AS tooling,PL3,,
556,,Drill bit .1935 SC CFRP w/DLC,MaxTool,ONSRUD85-885,$114.50 ,11/13/2024,AS tooling,PL3,,
558,,Drill bit #6 1-1-1 1/4D fgr style D S/E router,MSC,40034530,$35.01 ,1/21/2025,AS tooling,PL3,,
,,"Drill bit 1/4"", 3/4"" LOC diamond style 2.5"" long, router",McMAster,6582N49,$16.53 ,8/18/2025,antenna cover,PL3,,
118,,"Drill chuck, 1/8-5/8 keyless",Precision Matthews,KDCRS-16R8T,$129.99 ,5/15/2024,,PL1,,
119,,"Drum Cradle, Steel",Uline,H-4203,$105.00 ,11/9/2021,,PL1,,
120,,"Drum Pump, Steel",Uline,H-1235,$32.00 ,6/3/2020,,"PL1, PL3",,
121,,"Dry Erase Markers, black",McMaster,5929T87,$24.56/12,3/23/2022,,Admin,,
122,,"Dry Film Lubricant, 10 oz can",McMaster,1289K17,$11.76 ,2/1/2022,,Facilities,,
182,,Dry Ice Required for Frozen Shipments,Park Aerospace,,$125.00 ,,,,,
124,,Dust pan,McMaster,72805T81,$8.70 ,3/25/2022,,Facilities,,
125,,"Dust pan, upright 16""x14""x6.5"", 23"" handle",McMaster,7395T15,$27.03 ,3/25/2022,,Facilities,,
126,,Ear Muffs,Uline,S-20449,$38.00 ,3/21/2022,,Facilities,,
127,,"Ear plugs, corded",Uline,S-19874,$97.00 ,3/21/2022,,Facilities,,
128,,"Ear plugs, disposable",Uline,,$69.00 ,2/14/2022,,Facilities,,
569,,electric foam cutting tool,Uline,H-11291,,4/30/2025,,PL2,,
137,,"End Mill 12.5mm, 4F, 34.9 LOC, 86mm long, uncoated",McMaster,8854A26,$36.23 ,5/11/2021,,PL3,,
148,,"End Mill 13mm, 4F,  30m LOC, 88mm long, ALTiN",Atlas Cutting Tools,A71487,$45.40 ,10/16/2023,,PL3,,
153,ok,"End Mill 3/16"", 3F, 9/16"" LOC, 2"" long, uncoated",Machining Resources,E5G95902,$14.88 ,6/30/2025,2 on hand 7/10,"PL1, PL3",Zoro,E5G95902
138,,"End Mill 3/16"", 3F, .75"" LOC, 2.5"" long, uncoated",McMaster,88815A39,$15.82 ,3/21/2022,4 on hand 7/10,PL1,,
159,,"End Mill 3/16"", 3F, 1 1/8"" LOC, 3"" long, ball, uncoated",Zoro,G4496499,$30.95 ,5/22/2024,,"PL1, PL3",,
134,,"End Mill 1/4"", 3F, ball nose, TiN",McMaster,8886A561,$29.68 ,3/30/2022,Timmy,PL3,,
136,ok,"End Mill 1/4"", 3F, 3/4"" LOC, 2.5"" long, ZRN",Machining Resources,41463,$18.40 ,,37 on hand gunsmith 7/10,PL1,Lakeshore Carbide,330014X
95,ok,"End Mill 1/4"", 3F, 3/4"" LOC, 2.5"" long uncoated",Garr ,G28293,,,1 on hand gunsmith 7/10,PL1,,
151,,"End Mill 1/4"", 3F, 1 1/4"" LOC, 3 1/4"" long",Machining Resources,E5G95904,$22.72 ,,bottom metal milling,PL3,,
135,ok,"End Mill 1/4"", 4F 1 1/8"" LOC, 3 1/4"" long, uncoated",Machining Resource,EA304016L,$13.77 ,6/11/2024,23 on hand gunsmith 7/10,"PL1, PL3",,
545,,"End Mill 1/4"", 4F, 4"" long, ball, TiN",McMaster,8887A341,,2/27/2025,AS tooling,PL3,,
546,,"End Mill 1/4"", 3F, 4"" long, square, uncoated",McMaster,8815A44,,2/27/2025,AS tooling,PL3,,
596,,"End Mill 1/4"" Carbide x 1” LOC Uncoated Drill Point Cut Type",Next Industries,11541-73052,$23.56 ,4/9/2025,fiberglass burrs,PL3,,
50,,"End Mill 3/8"", 4F, 4"" long, ball, uncoated",McMaster,8805A68,,2/27/2025,AS tooling,PL3,,
141,,"End Mill 3/8"" ball nose, TiN, 2.5"" long",McMaster,8885A452,$35.20 ,3/25/2022,,PL3,,
142,,"End Mill 3/8"", 2F, 2 1/2"" long, ball, ZrN",MSC,,,,8 on hand 7/10,PL1,Martin Supply,AMG40-1212-B-ZRN
143,,"End Mill 3/8"" dovetail 45 degree straight thread",McMaster,2984A17,,1/8/2025,,"PL1, PL3",,
144,,"End Mill 3/8"" square, ZRN 3 flute",Machining Resource,41733,$40.96 ,,,"PL1, PL3",,
145,,"End Mill 3/8"" uncoated (Widin) 4FL Sq., 1-1/8"" FL, 3-1/2 OAL",AFI,YGTE5H92024,$20.07 ,7/7/2025,,PL1,Machining Resource,EA304024L
152,,"End Mill 3/8"", 3F, 1 1/2"" LOC, 3 1/2"" long",Machining Resources,E5G95908,$49.75 ,3/24/2025,,PL3,,
132,,"End Mill 1/2"", 3F, 1 1/4"" LOC, 3"" long, ZRN",Lakeshore Carbide,,,,4 on hand,PL1,,
150,,"End Mill 1/2"", 3F, 1 5/8 LOC, 4"" long",Machining Resources,E5G95913,$74.29 ,3/24/2025,M5,"PL1, PL3",,
129,,"End Mill 1/2"", 3F, 2"" LOC, 4"" long, TiAlN",Amazon,,,5/17/2021,,"PL1, PL3",,
157,ok,"End Mill 1/2"", 3F, 2 1/2"" LOC, 5"" long, corner radius",YG1,E5G97982,,,1 on hand,PL1,,
61,ok,"End Mill 1/2"", 4F, 1"" LOC, 3"" long, ball, TiN",McMaster,8887A561,,2/19/2024,4 on hand YG1,PL1,,
131,ok,"End Mill 1/2"", 4F, 1"" LOC, 3"" long, TiN",Machining Resources,43593TN,$47.26 ,7/14/2025,49 on hand 7/10,PL1,MSC,7761737
130,ok,"End Mill 1/2"", 4F, 1.5"" LOC, 4"" long",Machining Resources,E5H92901,$38.65 ,5/29/2025,4 on hand 7/10 gunsmith,"PL1, PL3",Lakeshore Carbide,LC215012-A
51,,"End Mill 1/2"", 4F, 2"" LOC, 4"" long, ball, uncoated",McMaster,88805A71,,2/27/2025,AS tooling,PL3,,
149,,"End Mill, 19/32"", 4F, 1 3/8"" LOC, 3 3/8"" long, uncoated",MSC,8762224,$31.09 ,,,"PL1, PL3",,
155,,"End Mill 5/8"", 3F, 1 5/8"" LOC, 3 1/2"" long",Machining Resources,E5G97801,$126.99 ,3/24/2025,,PL3,,
147,,"End Mill 5/8"", 3F, 1 5/8"" LOC, 3 1/2"" long, corner radius",Lakeshore,360058X,$97.71 ,4/25/2022,,PL3,All Industrial,25055852
158,,"End Mill 5/8"", 3F, 2 1/2"" LOC, 5"" long, corner radius 37° helix",Zoro,E5G97807,$145.99 ,6/5/2024,,"PL1, PL3",,
139,ok,"End Mill 3/4"", 2F, 5/8"" LOC, 3 7/16"" long, uncoated",Machining Resources,1108,$22.18 ,5/13/2025,2 on hand 7/11,PL1,MSC,41117383
146,ok,"End Mill 3/4"", 3F, 1 5/8"" LOC, 4"" long, uncoated",,,,,2 on hand 7/11,PL1,,
154,ok,"End Mill 3/4"", 3F, 1 5/8"" LOC, 3.75"" long, uncoated",,,,,2 on hand 7/11,PL1,,
140,ok,"End Mill 3/4"", 4F, 1/2"" LOC, 3.75"" long, uncoated",MSC,41118084,$37.81 ,,2 on hand 7/11,PL1,,
160,ok,"End Mill 3/4"", 4F, 5/8"" LOC, 3.75"" long, uncoated",,,,,8 on hand 7/11,PL1,,
24,,Epoxy 635,US Composites,,,,comes as a kit 1 Gallon,PL2,,
24a,,Epoxy 635 medium hardener,US Composites,EPOX-635314,$92.75 ,2/17/2025,comes as a kit 42.6 oz,PL2,,
24b,,Epoxy 635 fast hardener,US Composites,EPOX-635413,$90.50 ,6/9/2025,comes as a kit 1 Quart,PL2,,
162,,Epoxy-3212,Premium Resin Tech,RDR-3212,"$4,925.00 ",9/10/2024,,PL1,,
162a,,Epoxy Hardener 8402,Premium Resin Tech,RDH-8402,$612.78 ,9/10/2024,,PL1,,
163,,Evercoat 440,English Color,440,$57.35 ,6/13/2025,,"PL1, PL2",,
586,,"Exacto Knives, Xacto",,,,,,PL1,,
164,,Exhaust Fan Motor,Electric Motor Wholesale,13037126,$228.00 ,3/30/2022,,Facilities,,
165,,"Fan, XPower P-80A floor blower",Amazon,B076VR5PJC,$59.99 ,6/19/2024,,Facilities,,
133,34040-1 RevB,"Fiberglass - 7781-497A E-765, 50"", 303 GSM - 38% +/-3% nominal resin content, single poly",Park Aerospace,7781-497A E-765,$47.80 ,7/22/2025,UH60 sensor nose mount antenna cover,PL2,,
133a,34040-1 RevB,Fiberglass antenna cover shell 0°,Park Aerospace,7781-497A E-765,,,UH60 sensor nose mount antenna cover,PL2,,
133b,34040-1 RevB,Fiberglass antenna cover shell 45°,Park Aerospace,7781-497A E-765,,,UH60 sensor nose mount antenna cover,PL2,,
133c,34040-1 RevB,Fiberglass antenna cover shell 90°,Park Aerospace,7781-497A E-765,,,UH60 sensor nose mount antenna cover,PL2,,
284,SG01291-001 SG01290-001,"Fiberglass - Prepreg - Fiberglass Woven (120 Glass) - 38"" Wide 0.005"" Thick - 40% Resin Content w/out pigment (185 gsm OAW) - Ne\A/port 301 250F Resin System",Rock West Composites,14015,,,,PL2,,
284a,SG01291-001,Fiberglass piece for Bandit tailcone left,Rock West Composites,,,,Bandit tailcone,PL2,,
284b,SG01290-001,"Fiberglass piece 1 for Bandit 10"" fuselage",Rock West Composites,,,,Bandit fuselage,PL2,,
284c,SG01290-001,"Fiberglass piece 2 for Bandit 10"" fuselage",Rock West Composites,,,,Bandit fuselage,PL2,,
284d,SG01291-001,Fiberglass piece for Bandit tailcone collar,Rock West Composites,,,,Bandit tailcone collar,PL2,,
284e,SG01291-001,Fiberglass piece for Bandit tailcone right,Rock West Composites,,,,Bandit tailcone,PL2,,
551,SG01290-001,Fiberglass - MTC581-G106-TYPE 120-38% RW-50,SHD,SHDUS0929-(1270)-50,,,SHD fiberglass,PL2,,
551a,SG01296,Fiberglass Bandit wing shell ,SHD,,,,,PL2,,
551b,,,,,,,,PL2,,
551c,SG01545,Fiberglass Horizontal stabilizer shell,SHD,,,,,PL2,,
551d,SG01545,Fiberglass Horizontal stabilizer shell w/pre-cut slits,SHD,,,,,PL2,,
551e,SG01545,"Fiberglass horizontal stabilizer reinforcement 4"" x 2"" w/holes",SHD,,,,,PL2,,
551f,SG01544,Fiberglass vertical stabilizer shell,SHD,,,,,PL2,,
551(1),SG01544,"Fiberglass elevator shell 20 5/8"" x 6 5/8""",,,,,,PL2,,
551(2),SG01544,"Fiberglass elevator seam 20 5/8"" x 4""",,,,,,PL2,,
551(3),,Fiberglass Rudder Shell,,,,,,PL2,,
551(4),,Fiberglass Rudder Seam,,,,,,PL2,,
551(5),SG01299-103,Fiberglass Aileron Shell,,,,,,PL2,,
551(6),SG01299-103,Fiberglass Aileron Seam,,,,,,PL2,,
551(7),SG01290-001,Fiberglass Bandit fuselage piece 1,SHD,,,,,PL2,,
551(8),SG01290-001,Fiberglass Bandit fuselage piece 2,SHD,,,,,PL2,,
553,,"Fiberglass Cloth, 3 oz E Glass",US Composites,FG-C0338,$8.30 ,1/31/2025,,PL2,,
168,,"File 8"" flat",Amazon,,$8.00 ,1/26/2022,,PL1,,
169,,"File 8"" half-round",Amazon,,$7.49 ,12/10/2021,,PL1,,
170,,"File 8"" round",Amazon,,$6.00 ,1/26/2022,,PL1,,
171,,Finger cots,Amazon,X002EHMB73,$5.19 ,7/8/2025,,PL1,,
172,,"Foam Roll, 1/8"", 18"" x 550'",Uline,S-2482P,$61.00 ,2/2/2021,,Shipping,,
173,,"Foam Roll, 12"" x 250'",Uline,S-11822,$86.00 ,10/26/2020,,Shipping,,
572,,"Foam, 2LB urethane pour, kit",US Composites,FOAM-0216,$77.50 ,3/6/2025,control panel cores,PL2,,
572a,SG01545,Bandit Elevator foam core,US Composites,FOAM-0216,,,,PL2,,
572b,SG01544,Bandit Rudder foam core,US Composites,FOAM-0216,,,,PL2,,
572c,SG01299-103,Bandit Aileron foam core,US Composites,FOAM-0216,,,,PL2,,
174,,"Foam, pour 16 lb Part A & B",US Composites,FOAM-1680,$306.00 ,5/2/2022,,PL1,,
175,,"Foam, pour 4 lb kit",US Composites,FOAM-0480 ,$306.00 ,6/11/2024,,PL1,,
176,,"Glass Cleaner, Gleme 20 oz (case of 12)",American Paper & Twine,763128,$3.27 ,10/23/2024,,PL1,English Color,50
212,34040-01 RevB,"Glass Plate for Epoxy Ink w/3"" roller",The Hitt Companies,IN-EPOXYKIT,$33.95 ,7/24/2025,UH-60 antenna cover part marking,PL2,,
179,,"Glass Tube Fuse 1/4"" size 3AG, 3A",McMaster,7085K39,$3.40/5,4/15/2022,Dave,Facilities,,
180,,"Gloves, black latex Raven size:",English Color,66518,$16.20 ,7/14/2025,,Facilities,,
184,,"Gloves, chemical resistant (yellow)",Uline,S-9721,$14/12,2/18/2022,,PL1,,
185,,"Gloves, Coolflex size:",Uline,S-21083,$35/12,6/25/2025,,Facilities,,
186,,"Gloves, Hyflex size:",Uline,S-20733,$55/12,12/20/2021,,Facilities,,
188,,Goo Gone - 1 Gallon,Uline,S-12787,$42.00 ,1/15/2025,,PL1,,
189,,Graphite,Composites One,585895,$175.18 ,9/23/2021,PO,PL1,,
190,,"Grease, AFJ 400 grams",CNC Specialty Store,THK-AFJ-400G,$147.00 ,9/11/2025,"origin: China, 3 yr shelf life",PL3,,
191,,"Grease, Lithium ",Grainger,4NYY5,$10.05 ,8/10/2022,sandblaster,PL1,,
192,,"Grease, Moly Syngard 2000, Schaeffer #248, ",JD Industrial Supply,248,$9.99 ,10/21/2024,,PL3,,
193,,"Grinder, disc",Beaver Industrial Supply,JT414602,"$1,759.00 ",11/8/2023,,PL1,,
194,,"Hand Cleaner, Triton X-Heavy Duty",N Al Chemical,BET-79331-00,131.60/4,,,Facilities,,
196,,"Hand Sanitizer, ULine, 68 oz",Uline,S-20118,$20.00 ,1/19/2022,,Facilities,,
197,,"Hand Soap, Azure foam for dispenser",N Al Chemical,DEB-AZUIL,$54/6,,,Facilities,,
198,,"Heat Gun, Steinel",Amazon,,$48.00 ,9/10/2025,,"PL1, PL2, PL3",,
199,,Heavy Duty Extension Cord - 25',Uline,S-16890,$25.00 ,6/23/2020,,Facilities,,
200,,Hex Key,McMaster,5215A12,$8.33 ,2/2/2022,,PL1,,
578,,HIghlighters,Quill,,,,,Admin,,
201,,Hot Rod Clear,Southeast Auto Parts,HRC40,$119.61 ,3/22/2022,paint,PL1,,
202,,Icing Polyester Putty,English Color,26006,$56.30 ,7/14/2025,,"PL1, PL2",,
202a,,Icing Blue Cream Hardener 4oz ,Amazon,,$9.94 ,9/12/2024,hardener used with icing,"PL1, PL2",,
597,,"Impact Drive adapter 3/8""",Lowes,2260303,$3.48 ,6/16/2025,gunsmith & plugging,PL1,,
203,,"Impact Wrench, Kobalt 1/2"" drive ",Lowes,840780,$154.00 ,3/3/2022,plugging,PL1,,
204,,"Impact Wrench, Kobalt 1/4"" NPT air fitting",Lowes,11303,$2.58 ,3/3/2022,air compressor,Facilities,,
195,34040-01 RevB,"Ink, Epoxy White w/#77 Catalyst clip packet (meets CIA-A-A-56032D I, II, III)",The Hitt Companies,IN-50-110RX-PACKET,$24.15 ,7/24/2025,UH-60 antenna cover part marking,PL2,,
205,,"Ink, printer HP 952 black XL",Amazon,B801B6QGJ42,$57.89 ,9/27/2024,Darlene,Admin,,
206,,"Kevlar Fabric Cut-Protection Sleeve, 10"" long",McMaster,5615T31,$3.86 ,3/28/2022,paint,"PL1, PL3",,
207,,Knife - Quick Change Blue,Uline,H-4288,$7.25 ,2/3/2022,,Facilities,,
,,"Knob, stainless steel 1/2""-13 threads, 2"" wide",McMaster,60250K281,$15.17 ,8/18/2025,wrapping machine,PL2,,
208,,"Kraft Paper Roll, 24"" x 1200""",Uline,S-3575,$29.00 ,2/14/2022,,Shipping,,
209,,"Kraft Paper Roll, 48"" x 1200'",Uline,S-5157,$80.00 ,10/22/2024,,Shipping,,
210,,"Label Printer, Brother P-Touch",Uline,H-5135,$69.00 ,2/24/2021,,Admin,,
211,,"Label Tape, Brother P-Touch",Uline,S-22510,$32.00 ,2/24/2021,,Admin,,
214,,"Labels, Thermal for barcodes",Labels Direct,LD2515DT15PWI,$14.00 ,9/27/2024,,Admin,,
215,,Laquer Thinner,Southeast Auto Parts,,,,,PL1,,
217,,Make-up Applicator,Amazon,,$5.99/50,1/31/2022,,PL1,,
218,,"Mat, 2' x 4'",Uline,H-5940,$106.00 ,2/18/2022,,Facilities,,
560g,,"Metal, aluminum 3/16"" x 1/2"" x 3""  ",LMS,,$2.31 ,3/19/2025,vertical stabilizer plate,PL3,,
560g(1),SG01545,"Metal, aluminum 3/16"" x 1/2"" x 3""  hole spacing 1.97""",,,,,vertical stabilizer plate,PL2,,
560g(2),SG01545,"Metal, aluminum 3/16"" x 1/2"" x 3""  hole spacing 2.175""",,,,,vertical stabilizer plate,PL2,,
560g(3),SG01545,"Metal, aluminum 3/16"" x 1/2"" x 3""  hole spacing 1.825""",,,,,vertical stabilizer plate,PL2,,
560g(4),SG01545,"Metal, aluminum 3/16"" x 1/2"" x 3""  hole spacing 1.52""",,,,,vertical stabilizer plate,PL2,,
219,,"Metal, aluminum  3/16"" x 3/4"" x 5"" 6061",Speedy Metals,61f.188x.75,,3/29/2022,forend aluminum,PL1,,
220,,"Metal, aluminum 3/16"" x 3/4"" x 6"" 6061-t6511",Speedy Metals,N/A,$0.54 ,7/8/2025,forend aluminum,PL1,,
221,,"Metal, aluminum 3/16"" x 3/4"" x 8""",Speedy Metals,,,3/29/2022,forend aluminum,PL1,,
222,,"Metal, aluminum 3/16"" x 3/4"" x 8.5"" 6061-t6511",Speedy Metals,,$0.85 ,6/3/2024,forend aluminum,PL1,,
223,,"Metal, aluminum 3/16"" x 3/4"" x 9"" 6061-t6511",Speedy Metals,,$0.80 ,7/8/2025,forend aluminum,PL1,,
224,,"Metal, aluminum 3/8"" x 3.75"" x 18.5"" 6061",LMS Metal,,$12.54 ,2/3/2025,picatinny rails (15 rails per piece),PL3,,
231,,"Metal, aluminum 1/2"" x 1 3/4"" x 4 1/2""6061-t6511",LMS Metal,,$1.90 ,2/3/2025,"4"" Arca Rails",PL3,,
233,,"Metal, aluminum 1/2"" x 1 3/4"" x 6 1/2"" 6061-t6511",Speedy Metals,,$2.78 ,10/28/2024,"6"" Arca Rails",PL3,,
235,,"Metal, aluminum 1/2"" x 1 3/4"" x 8 1/2"" 6061-t6511",Speedy Metals,,$3.61 ,10/28/2024,"8"" Arca Rails",PL3,,
225,,"Metal, aluminum 5/8"" x 12 1/2"" x 12 1/2"" 6061",LMS Metal,,,,,PL3,,
226,,"Metal, aluminum 3/4"" x 1"" x 3 3/4"" 6061-t6511",Speedy Metals,,$1.47 ,7/8/2025,AG adj hardware,PL3,,
227,,"Metal, aluminum 1"" x 1 1/2"" x 3 3/4"" 60610t6511",Speedy Metals,,$2.84 ,4/8/2025,AG adj hardware,PL3,,
583,,"Metal, aluminum 1"" x 4"" x 35"" 6061",LMS,,$67.46 ,2/25/2025,vertical assembly mold,PL3,,
595,,"Metal, aluminum 1 1/4"" x 1 5/16"" x 3 7/8"" 6061",LMS Metal,,$3.43 ,5/29/2025,BDL Lids short action & levers,PL3,,
581,,"Metal, aluminum 1 1/4"" x 1 5/16"" x 5 1/8"" 6061",LMS Metal,,$4.53 ,5/29/2025,BDL Lids long action,PL3,,
238,,"Metal, aluminum 1 1/4"" x 12.5"" x 12.5"" 6061",LMS,,$105.27 ,10/29/2024,"12"" tube mandrel spokes",PL2,,
234,,"Metal, aluminum 1 1/4"" x 3"" x 8"" 6061",LMS,,$14.26 ,3/26/2025,bottom metal - SA,PL3,,
236,,"Metal, aluminum 1 1/4"" x 3"" x 8 1/2"" 6061",LMS,,$18.00 ,6/4/2025,bottom metal - LA,PL3,,
240,,"Metal, aluminum 1 1/4"" x 7"" x 13"" 6061",LMS,,,,foam core molds (2 pcs),PL3,,
563,SG01544,"Metal, aluminum 41.5"" x 19.5"" x 1.5""",LMS,,$588.91 ,3/20/2025,vertical foam core mold,PL3,,
241,,"Metal, aluminum 1 3/4"" x 4"" x 20"" 6061",LMS,,,,for subs (2 pieces for LA),PL3,,
242,,"Metal, aluminum 1 3/4"" x 4"" x 21"" 6061",LMS,,,10/24/2024,,PL3,,
582,,"Metal, aluminum 1 3/4"" x 7"" x 18"" 6061",LMS,,$109.36 ,2/25/2025,for molds,PL3,,
243,,"Metal, aluminum 1 3/4"" x 7 1/2"" x 34"" 6061",LMS,,,,stock molds (2 pieces),PL3,,
547,,"Metal, aluminum 1 3/4"" x 18.5"" x 26"" 6061",LMS,,$430.40 ,3/5/2025,AS mold,PL3,,
228,,"Metal, aluminum 1 3/4"" x 21.5"" x 29"" Mic6",LMS Metal,,$575.00 ,12/9/2024,tailcone mold,PL3,,
229,,"Metal, aluminum 2 1/2"" x 21.5"" x 29"" Mic6",LMS Metal,,$805.00 ,12/9/2024,tailcone mold,PL3,,
183,34040-1 RevB,"Metal, aluminum 5.75"" x 6"" x 16""",LMS,,$435.00 ,,UH-60 antenna cover mold,PL2,,
187,34040-1 RevB,"Metal, aluminum 5.75"" x 7"" x 16""",LMS,,$535.00 ,,UH-60 antenna cover mold,PL2,,
84,,"Metal, aluminum 6"" x 13"" x 18"" 6061",LMS,,,,tailcone molds,PL3,,
598,,"Metal, aluminum rod 25 mm diameter x 3' long",McMaster,4634T43,$46.83 ,4/3/2025,vertical foam core mold,PL2,,
599,,"Metal, aluminum rod 3/4"" diameter x 3' long",McMaster,8974K11,$13.51 ,4/3/2025,vertical foam core mold,PL2,,
244,,"Metal, steel flat 1/2"" {A} x 1"" x 3"" 1018",Speedy Metals,hf.5x1,$1.65 ,3/13/2024,plugging,PL1,,
245,,"Metal, steel flat 1/2"" {A} x 1"" x 4"" 1018",Speedy Metals,hf.5x1,$1.96 ,3/13/2024,plugging,PL1,,
246,,"Metal, steel flat 1/2"" x 3/4"" x 3.125"" 1018",Speedy Metals,,$1.32 ,7/17/2024,mold columns,PL1,,
247,,"Metal, steel flat 3/16"" x 1/2"" x 2"" 1018",Speedy Metals,,$0.68 ,7/17/2024,AG pinch plates,PL1,,
248,,"Metal, steel flat 3/16"" x 1/2"" x 2"" A36",Speedy Metals,,$0.45 ,6/5/2024,AG pinch plates,PL1,,
600,,"Metal, steel rod, .238"" diameter x 3' long",McMaster,8893K199,$8.67 ,4/3/2025,control surface assembly,PL2,,
600a,,"Metal, steel rod, .238"" diameter x 6' long",McMaster,8893K199,$15.77 ,4/3/2025,control surface assembly,PL2,,
 560f,SG01545,"Metal, steel rod, 1/4"" diameter, 60"" long",McMaster,6061K324,,3/5/2025,rudder & elevator assembly,PL2,,
560f(1),,"Metal, steel rod, 1/4"" diameter, 3 7/8"" long",McMaster,8893K199,,,vertical QC (rudder assembly),PL2,,
560f(2),,"Metal, steel rod, 1/4"" diameter, 18"" long",McMaster,8893K199,,,horizontal QC (elevator assembly),PL2,,
579,,"Metal, steel rod, 6 mm diameter, 100 mm long ",McMaster,91595A483,$3.33 ,2/25/2025,Tail mold alignment pin,PL2,,
439,,"Metal, steel rod, 1 1/4"" diameter x 2' long",McMaster,8920K271,$29.23 ,9/2/2025,mandrel trolley part,"Facilities, PL2",,
462,,"Metal, steel tube 1 3/4"" 1/4"" thickness x 3' long",McMaster,7767T82,$98.09 ,9/2/2025,mandrel trolley part,"Facilities, PL2",,
230,,"Metal tube, aluminum 3""OD x 1/2"" wall x 112"" 6061",LMS Metal,,,6/11/2024,mandrel shaft,PL2,,
232,,"Metal tube, aluminum 5""OD x 1"" wall x 112"" 6061",LMS Metal,,,9/10/2024,mandrel,PL2,,
237,,"Metal tube, aluminum 11""OD x 1"" wall x 72"" 6061",LMS Metal,,,9/10/2024,,PL2,,
239,4002P0001-RevH,"Metal tube, aluminum 12""OD x .5"" wall x 106"" 6061",LMS Metal,,,9/17/2024,Disruptor fuselage mandrel,PL2,,
587,,"Metal Cut-off Disc 3""",,,,,,PL1,,
249,,"Milling Insert  .5"" square x .187 thick x 20 deg side x .218 hole",MariTool,SEHT1204AFFN CX10,$12.50 ,11/26/2024,,PL3,,
250,,"Mixer, 1.5 HP for plugging",Webstaurant,541CMIX20,$799.00 ,2/14/2024,,PL1,,
251,,"Mixing bowl, 20 qt stainless steel",Webstaurant,177MX20BOWL,$199.00 , ,,PL1,,
252,,Mixing Container 1 qt,Uline,S-22982,$0.95 ,2/24/2021,,PL1,,
253,,"Mixing Cups, case",English Color,A75,$37.29 ,5/20/2025,,PL1,,
254,,Mixing Wand for Pro-Set (plastic tips),Composites One,560371,$108.48 ,5/10/2022,,"PL1, PL2",,
488,,"Net, minnow, bait 6-8""",Amazon,,$15.00 ,9/2/2025,"To clean CNC troughs, chips",PL3,,
255,,"Nut, 1/2""-13 Heavy Hex Nut, extra wide (7/8"")",Fastener Superstore,201861,$0.28 ,7/17/2025,mold closure,"PL1, PL2",McMaster,94811A235
257,,"Nut, 3/8/16 hex locking nut",McMaster,,,,for fixtures on manual mill,PL1,,
256,,"Nut, 3/8/16 hex locking nut, flange",McMaster,,,,for fixtures on manual mill,PL1,,
258,,"Nut, 10-32 9/32"" T-Nut",McMaster,90594A115,,,for AG stocks,PL1,,
259,,"Nut, 10-32 Hex",McMaster,90480A195,,,,PL1,,
260,,"O-Ring, black washer ",McMaster,2418T115,$11.75 ,3/25/2022,for cheek risers,PL1,,
261,,"Oil, Haas axis lube oil",,,,,,PL3,,
262,,"Oil, Hertz SmartOil 6000 Rotary Screw Compressor ",Compressed Air USA,1315102200,$226.10 ,8/31/2023,,PL1,,
263,,"Oil, Spindle, Mobil 5 gal",Grainger,5ZN14,$198.82 ,1/19/2022,,"PL1, PL3",,
264,,"Oil, Vactra #2",McMaster,2158K41,$183.33 ,6/11/2025,5 gallons,PL3,,
265,,Oven Gloves,Amazon,X002RKEP17,$10.67 ,4/30/2025,,"PL1, PL2",,
266,,Packing List Pouches,ULine,S-750,$55.00 ,9/10/2025,,Shipping,,
267,,Packing List Sleeve,N AL Chem,,,,,Shipping,,
268,,Packing Peanuts,American Paper & Twine,30880,$50.00 ,7/23/2025,,Shipping,,
269,,"Pail Pump, Stainless Steel",Uline,H-4897,$99.00 ,3/3/2021,,PL1,,
270,,Paint 276,Marine Coat One,,,12/6/2024,duratec replacement for stocks,PL1,,
271,,Paint Booth Filter (for air dryer in back) DeVilbiss 130504,Amazon,,$99.00 ,2/17/2022,ordered 2,PL1,,
272,,"Paint Brushes - 3"" ",Amazon,,19.79/24,9/12/2024,,PL1,,
273,,"Paint Can, pint size no handle",Uline,S-15743,$55/24,3/15/2022,,PL1,,
274,,"Paint Can Mixing Lid, gallon",,,,,,PL1,,
275,,Paint Gun Cup Disposable Inserts,English Color,16000,$140.10 ,10/23/2024,,PL1,,
276,,"Paint Gun Cup, Iwata Airgunsa 600cc (Duratec)",Auto Color Warehouse,iw9131,$36.79 ,7/10/2025,,PL1,,
277,,"Paint Gun Regulator Valve, Le Lematec",Amazon,X002F9W4YP,$22.72 ,9/26/2024,,PL1,,
278,,Paint Gun Repair Kit,USA Tools,9166,$23.99 ,,,PL1,,
279,,"Paint Gun, Iwata  IWA-9230 1.3MM tip w/cup",Amazon,9230,$146.68 ,9/12/2024,,PL1,,
280,,"Paint Gun, Iwata IWA9233 Spray Gun",Amazon,9233,$133.08 ,7/30/2025,,PL1,,
281,,"Paint Gun, Starting Line, gravity",Summit Racing,DVR-802343,$189.99 ,1/22/2022,,PL1,,
282,,Paint Markers (Black),Uline,S-20622BL,$2.30 ,3/14/2022,,Facilities,,
283,,Paint Matte Clear,English Color,82-55-1,$53.18 ,7/21/2025,,PL1,,
283a,,Paint matte clear activator (hi-temp hardener),English Color,421,$36.17 ,12/18/2024,,PL1,,
283b,,"Paint, Reducer",English Color,114,$14.33 ,7/29/2025,,PL1,,
283c,,Paint matte clear normal activator,English Color,30-72-1,$55.25 ,7/14/2025,,PL1,,
283d,,Paint matte clear slow hardener,English Color,30-62-1,$55.25 ,6/20/2025,,PL1,,
285,,Paint Mixing/Measuring Cups (100/case),English Color,A75,$48.90 ,6/13/2025,,PL1,,
286,,Paint PPS System (lids & liners),English Color,16000,$146.83 ,7/14/2025,,PL1,,
287,,"Paint Pour Lid, Gallon",Amazon,,,1/26/2022,,PL1,,
288,,"Paint Pour Lid, quart",Amazon,,,1/26/2022,,PL1,,
290,,Paint Sticks,English Color,PADDLES,$39.66 ,4/4/2025,,PL1,,
291,,Paint Strainers,Southeast Auto Parts,,,,,PL1,,
292,,Paint Texture,US Composites,,,,,PL1,,
293,,Paint Thinner,Southeast Auto Parts,OMNI10-5,$47.11 ,5/3/2022,weekly order 2,PL1,,
294,,"Paint, At Ease Soldier",Sherwin Williams PO,F63TXA13540-2252,$174.34 ,4/28/2022,,PL1,,
295,,"Paint, Beige Gun",Sherwin Williams,F63TX434049,,,,PL1,,
296,,"Paint, Blue",Sherwin Williams,F63TXL12721,,,,PL1,,
297,,"Paint, Dead Flat Black",Sherwin Williams PO,F63B7,$131.60 ,2/18/2025,,PL1,,
298,,"Paint, Desert Tan",Sherwin Williams,F63TX413595-2252,,,,PL1,,
299,,"Paint, Garden Path",Sherwin Williams PO,F63TXA13541-2252,$174.34 ,11/1/2021,,PL1,,
300,,"Paint, Glamour Euro",English Color,PR205,$86.00 ,2/28/2025,,PL1,,
300a,,"Paint, Glamour Activator",English Color,PR285,$62.50 ,2/28/2025,,PL1,,
302,,"Paint, Gray",Sherwin Williams PO,F63TXA36118,,,,PL1,,
303,,"Paint, Gunstock Brown",Sherwin Williams PO,F63TXN12444,$214.52 ,2/18/2025,,PL1,,
304,,"Paint, Hyper Blue",Sherwin Williams PO,F63TXL13318,,,,PL1,,
305,,"Paint, Iron Gate",Sherwin Williams PO,F63TXA13542-2252,,,,PL1,,
105,34040-1 RevB,"Paint, MIL-DTL-64159B Color #37031 flat black",Superior Coatings of America,MIL-DTL-64159B,$455.00 ,7/22/2025,UH-60 Sensor Nose Mount Antenna Cover,PL2,,
105a,34040-1 RevB,"Paint, Hardener MIL-DTL-64159B Type II Catalyst (2:1)",,,,,,,,
306,,"Paint, Navel (Orange)",Sherwin Williams PO,F63TXE32473,$200.00 ,11/1/2021,,PL1,,
307,,"Paint, Olive D Green",Sherwin Williams PO,F63TXG12834,,,,PL1,,
308,,"Paint, Peppercorn",Sherwin Williams PO,F63TXA13181,,,,PL1,,
340,,"Paint, Primer; gray 4:1:1",English colors,4200,$92.50 ,12/18/2024,,PL1,,
107,34040-1 RevB,"Paint, Primer MIL-PRF-23377 Type I Class N",Superior Coatings of America,MIL-PRF-23377,$339.00 ,7/22/2025,UH-60 Sensor Nose Mount Antenna Cover,PL2,,
107a,34040-1 RevB,"Paint, Primer Reducer MIL-PEF-23377K Type I Cl. N Catalyst (1:1)",Superior Coatings of America,,,,,,,
309,,"Paint, Primer Urethane 4:1 2K",English Color,36G,$102.06 ,7/14/2025,,PL1,,
309a,,"Paint, Primer 4:1 2K",English Color,361Q,$43.42 ,4/4/2025,,PL1,,
311,,"Paint, Red",Sherwin Williams PO,F63TXR31350,,,,PL1,,
313,,"Paint, Sage Green",Sherwin Williams,F63TX613594-2252,$223.22 ,2/18/2025,,PL1,,
314,,"Paint, Sample Jar 1oz",Specialty Bottle,FSQ1,$0.97 ,12/18/2024,,PL1,,
315,,"Paint, Tan Match",Sherwin Williams PO,F63TXH12576,,,,PL1,,
316,,"Paint, Toxic Green",Sherwin Williams PO,F63TXG38901,,,,PL1,,
317,,"Paint, Tungsten Match",Sherwin Williams PO,F63TXA13047 Include # R274,,,,PL1,,
318,,"Paint, Urban (Acier)",Sherwin Williams PO,F63TXA13049,$174.34 ,11/1/2021,,PL1,,
319,,"Paint, White",Sherwin Williams PO,F63TXW37925,,,,PL1,,
320,,"Paint, Woodland Tan",Sherwin Williams PO,F63TXH15361,,,,PL1,,
321,,"Paint, Yellow",Sherwin Williams PO,F63TXY33655,$200.00 ,11/1/2021,,PL1,,
435,,"Paint Booth Service, recycle paint thinner",Safety-Kleen Systems,87020,,,,Services,,
322,,Panel Bond 6030,English Color,6030,$55.66 ,7/14/2025,,"PL1, PL2",,
323,,Panel Bond 6030 Dispenser,English colors,6000,$112.44 ,4/4/2022,,"PL1, PL2",,
324,,"Paper Towels, brown roll ",American Paper & Twine,460032,$33.95 ,7/10/2025,,Facilities,,
325,,"Paper Towels, white kitchen (30 rolls/case)",American Paper & Twine,23608,$37.25 ,9/3/2024,,Facilities,,
326,,"Partall Paste Wax, 7 lb tub",US Composites,REX-270,$30.63 ,2/13/2025,,PL1,,
327,,"PIcnic Table, 6"" wooden",Uline,H-2999,$159.00 ,4/16/2020,,Facilities,,
328,,"Pigment, black",US Composites,BL128,$164.00 ,4/26/2022,,PL1,,
329,,"Pin, Hole Liner for 3/8"" locating pin",McMaster,31445A118,$7.82 ,2/1/2022,mold pins CNC,PL3,,
330,,"Pin, Mating Locating 3/8"" tapered head",McMaster,31445A113,$5.57 ,2/1/2022,mold pins CNC,PL3,,
331,,"Plastic Insert for QD attachment, ABS Front",Boedeker Plastics,ABS Front,$0.50 ,5/13/2024,PO,PL1,,
332,,"Plastic Insert for QD attachment, ABS Large",Boedeker Plastics,ABS Large,$0.53 ,7/3/2024,PO,PL1,,
334,,Plastic Scoop - 2 Quart,Uline,H-879,$6.00 ,11/1/2021,,PL1,,
335,,Plastic Smoker's Receptacle - Beige,Uline,H-1103BE,$51.00 ,6/23/2020,,Facilities,,
339,,"Post-It sticky notes, small",Amazon,,$7.99 ,3/31/2022,Pam,Admin,,
341,,Pro-Set Epoxy PSI ADV 175/273,Composites One,605432,$35.25 ,10/15/2024,,"PL1, PL2",,
342,,Pro-Set Manual Dispensing Gun,Chemical Concepts,LOR3029937,$47.40 ,11/30/2023,,"PL1, PL2",Composites One,301853
344,,Propane,Sexton Welding,UN1075,,5/18/2022,,Facilities,,
345,,"Punch Set, drive pin misc. sizes",Amazon,X0038XE4JZ,$60.00 ,10/3/2024,,PL1,,
346,,Q-Tip Applicators / Cotton Swabs,Uline,S-18991-S1,,,,PL1,,
347,,QD Cups (hex special) Hollow Stock Push Button,GrovTec PO,720251F,$1.21 ,10/12/2021,for M1A,PL1,,
343,,QD Cup (rotating BL),GrovTec PO,720201,$0.57 ,2/7/2024,,PL1,,
348,,"Radio, Two-Way Retevis",Amazon,X001COE7NP,$46.99 ,9/13/2024,,Facilities,,
349,,Red Pillar Caps T-1,McMaster,,$4.05 ,,don't order,PL1,,
350,,Red Pillar Caps T-2,McMaster,4491K136,$4.62 ,6/25/2025,,PL1,,
568,,"Release film, 60.001 perforated",Aircraft Spruce & Specialty,01-01528,$4.65 ,4/25/2024,vacuum bagging,PL2,,
575,SG01544,"Release film, Airtech Wrightlon® 4600 P3  .0015"" thick x 60"" width",Composite Envisions,20744-60,$7.78 ,4/29/2025,vertical stabilizer plugs,PL2,,
351,,"Respirator 6502, 3M Half (Large)",Uline,H-4987,$25.00 ,12/1/2021,,PL1,,
352,,"Respirator 6502, 3M Half (Medium)",Uline,H-4986,$25.00 ,10/7/2021,,PL1,,
353,,"Respirator Filter 6502, 3M",Uline,S-19184,$39.00 ,5/5/2025,,PL1,,
354,,"Retaining rings, side mount for 3/8"" OD",McMaster,97431A320,,3/8/2022,for ovens,Facilities,,
355,,"Rod, 3"" all thread 1/2"" - 13",McMaster,98750A103,$1.64 ,7/14/2021,,PL1,,
356,,"Rod, 4"" all thread 1/2"" - 13",McMaster,98750A107,$1.91 ,2/1/2022,Aaron,PL1,,
357,,"Rod, 5"" all thread 1/2"" - 13",Fastener Superstore,935660,$1.18 ,,,PL1,McMaster,98750A109
359,,Rolling Step Stool - Red,Uline,H-7846R,$55.00 ,4/28/2020,,Facilities,,
360,,"Rolling Tool, plastic 8""",Lowe's,1175816,$4.18 ,4/20/2022,lay up,"PL1, PL2",,
361,,"Router bit, XMHF 1/2"" diamond profile",Amazon,X001VC2K2N,$9.49 ,9/4/2024,,PL3,,
362,,"Rubber Bands, Business Source",Amazon,,$21.99 ,3/24/2022,,Admin,,
363,,Rubber Mallet,Uline,H-2215,$8.50 ,3/15/2021,,"PL1, PL2",,
364,,Rustoleum Flat Black Enamel oil paint,Home Depot,,79.96/2,1/31/2022,replaced with black gel stain,PL1,,
366,,Safety Glasses,Uline,S-15373,,6/25/2025,,Facilities,Global Industrial,T9F708119
367,,Safety Goggles,JB Tools,JB-SRX-S81220X,$0.99 ,10/18/2024,,Facilities,,
368,,Safety Goggles Lens Covers,JB Tools,SAS-5111,$6.17 ,10/18/2024,,Facilities,,
381,,"Sand Paper, 36 Grit belt",McMaster,4744A614,,,,PL1,,
377,,Sand Paper 80 grit - dry,McMaster,,,,,PL1,,
378,,"Sand Paper 80 Grit Roll, 1.5"" x 150 ft",McMaster,4687A214,$39.89 ,3/16/2022,mold cleaning,PL1,,
379,,"Sand Paper 80 Grit Roll, 2.75"" x 12 yards",Amazon,B08GFMYKQZ,$19.99 ,9/12/2024,,PL1,,
369,,Sand paper 120 grit MAXMAN purple (preferred),Amazon,,$10.99 ,4/26/2022,,PL1,,
370,,Sand paper 120 Grit Mirka sheets ,Amazon,,25.17/50,,,PL1,,
371,,Sand Paper 120 Grit Mirka sheets ,English colors,,,,,PL1,,
380,,"Sand Paper Roll 120 grit, 1.5"" x 150 ft",Grainger,435Y48,$38.38 ,3/21/2022,finish,PL1,,
372,,Sand Paper 180 grit sheets - dry,McMaster,4724A138,,,,PL1,,
373,,Sand Paper 180 grit sheets - wet/dry 15 pack,Amazon,,$12.50 ,8/7/2024,,PL1,,
374,,Sand Paper 220 grit sheets ,English Color,8111,$30.34 ,7/14/2025,,PL1,,
437,,"Sand paper, 320 grit sheets",English Color,8114,30.34,14-Jul,,PL1,,
375,,Sand Paper 400 grit sheets,English Color,8116,$30.34 ,1/2/2025,,PL1,,
376,,Sand Paper 600 grit sheets - dry,,,,,,PL1,,
382,,Sandblaster Media: 80 grit Blastite pallet = 500#s,Brandt,Blastite 80,$1.31 ,8/1/2024,,PL1,,
383,,"Sandblaster part: fitting 1/2"" barb x 3/8""MNPT for 1/2"" ID hose",Brandt Industries,14-302,$5.00 ,9/24/2024,secondary source: Amazon,PL1,,
384,,"Sandblaster part: fitting 1/2"" flare swivel x 1/2"" push lock hose",Brandt Industries,15002,$7.00 ,2/26/2022,PO,PL1,,
385,,"Sandblaster part: guard nozzle, wide spray",Brandt Industries,20-055,$36.00 ,2/23/2022,PO,PL1,,
386,,"Sandblaster part: gun, left mount",Brandt Industries,12275,$106.00 ,1/29/2025,PO,PL1,,
387,,"Sandblaster part: gun, right mount",Brandt Industries,12277,$106.00 ,1/29/2025,PO,PL1,,
388,,"Sandblaster part: hose, media clear 1/2"" x 3/4""",Brandt Industries,18-084-T,$8.00 ,2/25/2022,PO,PL1,,
389,,"Sandblaster part: nozzle boron, wide spray gun",Brandt Industries,20-095WS,$195.00 ,11/5/2024,PO,PL1,,
390,,Sandblaster part: O-ring,Brandt Industries,20-053,$1.00 ,2/24/2022,PO,PL1,,
391,,"Sandblaster part: orifice, 1/4""",Brandt Industries,11963,$30.00 ,2/19/2022,PO,PL1,,
392,,Sandblaster part: pulley system,Brandt Industries,WB6061C-S22C,,11/5/2024,,PL1,,
393,,Sandblaster part: retaining ring wide spray,Brandt Industries,12038/20-056,$8.00 ,2/21/2022,PO,PL1,,
394,,Sandblaster part: solenoid air valve 2-pot,Brandt Industries,13-514-24DC,$283.50 ,2/27/2022,PO,PL1,,
395,,Sandblaster part: tension belt for satellite drive,Brandt Industries,12433-03,$30.00 ,2/28/2022,PO,PL1,,
396,,"Sandblaster rubber twist tie - 24""",Amazon,X003DURLCF,$7.75 ,11/14/2024,,PL1,,
397,,"Sander 2"" spot, Aircat",JB Tools,,$129.00 ,,mold cleaning,PL1,,
398,,"Sander 6"" orbital, Aircat (central-vacuum)",JB Tools,6700-6-336-CV,$144.00 ,,best for finish,PL1,,
399,,"Sander 6"" orbital, Aircat (non-vacuum)",JB Tools,6700-6-336,$134.00 ,,best for gunsmith,PL1,,
400,,"Sanding belt, 240 grit, 2"" wide ",McMaster,4744A892,$4.14 ,5/11/2021,QD Grinder,PL1,,
177,,"Sanding Disc 80 grit hook and loop 2""",Amazon,,,7/18/2025,finish Cooper,PL1,,
178,,"Sanding Disc 120 grit hook n loop  2""",Amazon,,,7/18/2025,finish Cooper,PL1,,
401,,"Sanding Disc 1000 grit 6"" hook and loop (pack of 10)",McMaster,4321A33,$14.41 ,2/11/2022,,PL1,,
402,,"Sanding Disc 120 grit 6"" hook n loop ",English Color,82408,$18.57 ,7/29/2025,,PL1,,
403,,"Sanding Disc 180 grit 6"" hook & loop (Gold Pro)",English Color,USC082410,$18.59 ,5/3/2022,,PL1,,
404,,"Sanding Disc 220 Grit 12"" Cloth Back",McMaster,4700A752,$4.63 ,8/7/2024,,PL1,,
405,,"Sanding Disc 220 grit 6"" hook and loop",English Color,82411,$18.57 ,4/10/2025,,PL1,,
94,,"Sanding Disc 320 grit 6"" hook and loop",,,,,,PL1,,
406,,"Sanding Disc 36 grit 12"" Cloth Back",McMaster,4700A751,$4.63 ,8/5/2024,,PL1,,
407,,"Sanding Disc 80 grit 6"" hook n loop ",English Color,82406,$18.57 ,7/21/2025,,PL1,,
408,,"Sanding Disc, Autotoolhome, 2""",Amazon,,$8.29 ,2/15/2022,,PL1,,
409,,"Sanding Disc, Dynabrade 54339 hook and loop, 6"" ",DISCONTINUED,,,4/9/2025,back up part #54328 WORKED,"PL1, PL2",,
409a,,"Sanding Disc, Dynabrade 54340 hook and loop, 6"" ",AA Abrasives,,$40.76 ,6/11/2025,testing this part,"PL1, PL2",,
410,,"Scale, postal 25 lb",Uline,H-3677,$65.00 ,2/8/2022,,"PL1, PL2",,
411,,"Scissors, high-force blunt point",McMaster,3768A12,$9.58 ,3/23/2022,mold cleaning,"PL1, PL2",,
412,,"Scraper, paint multi-tool Workpro",Amazon,B0BHSJWW41,$7.99 ,4/30/2025,plugging,PL1,,
504,,"Screw, #8 deck, star head 2"" long",Fastener Superstore,504576,,,"gunsmith, counterbore",PL1,,
156,,"Screw, M5 x .8mm thread, 14 mm long",McMaster,91292A058,$15.15 ,4/2/2025,cutting head screw for cutting table,PL1,,
428,,"Screw, 10-32 x 3/8"" low cap socket screw",McMaster,92220A172,$12.08/50,4/10/2025,rail screws,PL1,,
161,,"Screw, 10-32 x 5/8"" low cap socket head",McMaster Carr,92220A174,$10.13 ,7/8/2025,AG cheek risers,PL1,,
424,,"Screw, 10-32 x 1 1/4"" socket head ",McMaster,91251A349,$14.80/50,11/16/2022,"swivel screws, plugging",PL1,,
423,,"Screw, 10-32 x 1 1/2"" Socket Head (25/pack)",McMaster,90044A118,$11.37/25,6/25/2025,"swivel screws, plugging",PL1,,
337,,"Screw, 10-32 x 1 5/8"" black oxide socket head",McMaster,91251A287,,3/19/2025,tail mold screws,PL2,,
425,,"Screw, 10-32 x 1 3/4"" Socket Head",McMaster,, ,,swivel screws,PL1,,
312,,"Screw, 10-32 x 2"", full thread black oxide socket head",McMaster,90044A120,,3/19/2025,tail mold screws,PL2,,
426,,"Screw, 10-32 x 2 1/4"" socket head",McMaster,91251A354,$15.63 ,7/23/2025,AG cheekrisers,PL1,,
427,,"Screw, 10-32 x 3""  pan head",McMaster,90272A842,$9.38 ,3/14/2022,"to hang stocks, paing",PL1,,
420,,"Screw, 1/4""-20 x 1/2"" flat tip set, black oxide",,,,1/2/2025,"Zack L custom work, gunsmith",PL1,,
421,,"Screw, 1/4""-20 x 5/8 stainless socket head",,,,,mold column screws,PL1,,
422,,"Screw, 1/4""-20 x 5/8 flat tip set, black oxide",,,,1/2/2025,"Zack L custom work, gunsmith",PL1,,
418,,"Screw, 1/4""-20 x 1 socket head",McMaster,,$12.36/50,10/23/2024,AG pinch plate counterbore,PL1,,
419,,"Screw, 1/4""-20 x 1 square head, black oxide",Blacksmith Bolt & Rivet,25SQMB100BO,$0.18 ,7/17/2025,AG cheek riser,PL1,,
310,,"Screw, 1/4""-20 x 2"" partial thread socket head",McMaster,91251A550,,2/26/2025,tail mold screws,PL2,,
416,,"Screw, 1/4"" - 28 x 1 3/8"" socket head (10/pack)",McMaster,91251A295,$9.07/10,7/9/2025,AG bottom metal,PL1,,
417,,"Screw, 1/4"" - 28 x 1"" socket head ",McMaster,91251A542,$16.03/50,3/28/2022,AG bottom metal,PL1,,
431,,"Screw, 5/16""-24 x 3/4"" stainless socket head",McMaster,92196A339,,1/16/2025,mold connector screws,PL2,,
430,,"Screw, 5/16""-24 x 1"" zinc plated socket head",McMaster,90128A749,$5.33 ,3/5/2025,mold connector screws,PL2,,
526,,"Screw, 5/16""-24 x 1 1/4"" zinc plated socket head",,90128A753,,3/5/2025,mold connector screws,PL2,,
429,,"Screw, 3/8""-16 2"" long socket head",McMaster,91251A632,15.28/25,4/26/2022,sub screws,PL1,,
536,,"Screw, 3/8""-16 x 3""  Yellow-Chromate Hex, fully threaded",McMaster,92620A636,$8.16 ,3/18/2025,vertical stabilizer mold,PL2,,
415,,"Screw, 1/2""-13 x 1"" socket head armor coat",McMaster,91274A444,$11.91 ,8/27/2025,plugging,PL1,Grainger,5YNF9
413,,"Screw, 1/2""-13 x 1 1/2"" black oxide socket head",McMaster,91251A716,,11/15/2024,,PL3,,
414,,"Screw, 1/2""-13 x 1 3/4"" black oxide socket head",McMaster,91251A718,,11/13/2024,,PL3,,
577,,"Screw, 1/2"" - 13 Zinc yellow chromate plated hex head screw, grade 8 steel, 4.5"" long partial thread",McMaster,91257A730,,2/24/2025,horizontal tail mold screws,PL2,,
45,,"Screw, 1/2"" - 13 x 5 Zinc yellow chromate plated hex head screw, grade 8 steel, partial thread",McMaster,91257A732,$16.22 ,4/2/2025,vertical tail mold screws,PL2,,
432,,"Screwdriver, pocket size 1/8"" slotted",McMaster,5682A12,$6.30 ,4/15/2022,QC,PL1,,
433,,Sharpies,McMaster,1661T11,$16.38/12,3/28/2022,,Admin,,
434,,"Sharpies, bronze",Amazon,,,2/3/2022,,Admin,,
440,,"Slip 6, Zyvax Flex-Z 6.0",Composites One,540105,$179.02 ,11/11/2024,,"PL2, PL1",,
95,,"Socket adapter 3/8"" to 7/8""",Tekton.com,SID13022,$6.00 ,5/14/2025,,PL1,,
441,,"Space Heater, Vornado Velocity",Amazon,80916L3XMR,$89.99 ,9/25/2024,,Facilities,,
442,,Spartan Bipod adaptor,javelinbipod.com,SP02-04-R,$25.00 ,4/9/2025,,PL1,,
494,,"Spatula, 1.5"" for removing cello",Amazon,,$9.97 ,9/10/2025,"Disruptor, Bandit fuselage",PL2,,
443,,"Sponges, Pro-plus",Home Depot,1005881418,$36.22/12,7/16/2025,paint,PL1,,
444,,"Sponges, QEP 6 pack",Home Depot,429007,$8.68/6,4/2/2025,"paint, general tasks",PL1,,
445,,"Spot Drill, Center Drill, Plain #4",Zoro,G2687273,$23.19 ,5/14/2024,,PL1,,
446,,"Spreaders, yellow plastic 4""",Amazon,B00P3O22Y0745227008957,$2.94 ,2/13/2025,,PL1,,
447,,"Spreaders, yellow plastic 6""",Amazon,,35.65/100,9/12/2024,,PL1,,
562,SG01544,"Spring, compression 0.75"" Long, 0.6"" OD, 0.456"" ID",McMaster,9434K134,$6.94 ,3/19/2025,vertical stabilizer mold,PL2,,
448,,"Spring, compression 0.625"" Long, 0.24"" OD, 0.176 ID",McMaster,9435K42,$8.48/5,3/24/2025,for M5 bottom metal,PL3,,
449,,"Stain, General Finishes black gel",Amazon,X001SREDLH,$49.45 ,7/17/2025,,PL1,Zoro,
216,34040-01 RevB,"Stamp, Rib Type 1"" x 3"" wooden handle",The Hitt Companies,HS-RIB0103,$6.90 ,7/24/2025,UH-60 antenna cover part marking,PL2,,
213,34040-01 RevB,"Stamp Letter/Number Set, TA10 Rib Type 1/8""",The Hitt Companies,HS-RIBTA10,$22.10 ,7/24/2025,UH-60 antenna cover part marking,PL2,,
450,,"Stencils, 8.5"" x 1"" for texture",Stencil Stop,custom,,3/20/2025,for texture,PL1,,
520,,"Stencils 7"" x .82"" for texture",Stencil Stop,custom,$4.88 ,3/20/2025,for texture,PL1,,
456,,"Stencil Material 30"" x 100'",Bren,UC30100,$181.37 ,7/15/2025,for texture,PL1,,
589,,Sticker (Don't Double Stack),,,,,,Shipping,,
451,,"Stoner, green mold release for heat",Stoner Molding,E497CSSTON01,$80.60 ,8/27/2025,mold release,"PL1, PL2",,
452,,"Stoner, purple mold release for subs",Stoner Molding,E236CSSTON02,,4/30/2025,,PL1,,
453,,"Stool, tall w/adjustable legs",Uline,H-3730BL,,,,Facilities,,
454,,Strainers,English Color,,,,paint,PL1,,
588,,Strapping Kit (Shipping),,,,,,Shipping,,
455,,Stretch/shrink wrap (single roll),Amazon,B0D6CFYK63,$17.49 ,11/7/2024,,Shipping,,
581,,Super Glue,Amazon,,,,buttpad work,PL1,,
457,,Surecool 200 ex (55 gal drum of coolant),Sure Chem PO,,,1/28/2025,,PL3,,
458,,"Swivel Stud 3/8"" FT 10-32",GrovTec PO,50237,$0.19 ,5/1/2024,,PL1,,
459,,Swivel Stud Spacers,GrovTec PO,561303,$0.07 ,1/12/2022,,PL1,,
460,,"T-Handle Hex Key 3/16"" 6"" total length",McMaster,5374A16,$6.46 ,3/3/2022,,PL1,,
461,,"T-Handle Hex Key 3/32"" 9"" total length",McMaster,5374A51,$6.98 ,3/3/2022,,PL1,,
571,,"T-wrench, hex key 5/32"" x 6""L",McMaster,5374A15,$6.56 ,3/1/2024,,PL1,,
463,,"Table, folding - 48 x 24""",Uline,H-4208FOL,$75.00 ,6/1/2020,,Facilities,,
464,,"Table, steel 72x30",ULine,H-1137-STEEL,$460.00 ,1/26/2022,,Facilities,,
465,,"Tags, shipping inserts ""Bedding not necessary""",ULine,,,9/25/2024,,Shipping,,
466,,"Tap Wrench, economy with T-handle, 2 3/8"" long",McMaster,25605A63,,3/3/2022,gunsmith,PL1,,
467,,"Tap, 1/2""-13, plug chamfer uncoated, straight flute",McMaster,26955A56,,2/27/2025,,PL3,Grainger,53ML90
468,ok,"Tap, 10-32 Threaded Tap",AFI,T8216342,$9.24 ,7/7/2025,167 on hand 7/10; used for swivel stud holes,PL1,McMaster,2762A44
96,ok,"Tap, 1/4-20 threaded",,,,,"bipod holes,  150 on hand gunsmith 7/11",PL1,,
469,,"Tap, 3/8"" - 16, 2.9"" long, threaded",GoVets.com,2750991,$9.16 ,11/14/2024,gunsmith,PL1,,
470,,"Tap, 3/8"" - 16, 2"" long, threaded",Machining Resources,T7236483,$26.80 ,,,PL1,,
471,,"Tap 3/8-16, 4 Flutes, H3, Bright/Uncoated",GoVets.com,G837601,$26.79 ,6/14/2025,,PL3,,
473,ok,"Tap, 3/8"" - 16, 6"" long, threaded",McMaster,2583A14,$81.05 ,3/25/2022,1 on hand 7/10,PL1,,
474,,"Tap, 9/16 - 18 H3 3 flute Hertel",MSC Industrial,41113432,$19.27 ,,,PL1,,
478,,"Tape, 1"" x 216' masking for powder coating - mandrels",McMaster Carr,7630A165,$25.02 ,4/16/2025,tube wrapping,PL2,,
478a,,"Tape, 2"" x 216' masking for powder coating - mandrels",McMaster,7630A175,$32.33 ,9/4/2024,,PL2,,
479,,"Tape, 3M Blue Painters, 1"" x 60 yds",ULine,S-6542,$6.50 ,5/3/2021,,"PL1, PL2",,
480,,"Tape, 3M Blue Painters, 2"" x 60 yds",Lowe's,590695,$31.01/6,4/20/2022,,"PL1, PL2, PL3",,
481,,"Tape, 3M Green, High-Temp, 1"" x 60yds ",Uline,S-7834,$7.30/12,1/26/2022,Barcodes - AG,PL1,,
482,,"Tape, 3M Orange vinyl, 2"" x 36 yds",ULine,S-10257O,$8.40 ,1/3/2022,,PL1,,
483,,"Tape, 3M Purple Masking,  2"" x 60 yds",ULine,S-21411,$19.50 ,1/15/2025,,PL1,,
484,,"Tape, 3M Yellow Masking, 1"" x 60 yds",ULine,S-21419,$4.95 ,3/9/2021,For Returns,PL1,,
591,,"Tape, Aluminum",,,,,,PL1,,
47,,"Tape, Carbon Fiber 2"" x 30 yards; 5.7 oz, plain weave, 3K tow,.010"" thickness",US Composites,FG-CF5702,$135.00 ,4/9/2025,for pinch area wet layup,PL2,,
592,,"Tape, Duct 2""",,,,,,Facilities,,
593,,"Tape, Electrical Black 3/4""",,,,,,PL1,,
166,,"Tape, Fiberglass (old)",McMaster,76455A19,$20.83 ,4/13/2021,,Facilities,,
533,,"Tape, fiberglass electrical 1/2"" x 54'",McMaster,7574A24,$20.33 ,4/16/2025,,PL2,,
485,,"Tape, Roll Wrapping Compaction Stage 2 Nonstick 300F Cello .75""W",Rock West,1538-D,,11/14/2024,for tubes,PL2,,
486,,"Tape, Roll Wrapping Stage 1 Nonstick 300F Poly .75""W",Rock West,1536-D,,11/14/2024,Bandit,PL2,,
585,,"Tape, thread seal",,,,,,Facilities,,
487,,"Tape, ULine blue painters 2"" x 60 yds",Uline,S-9759,$7.95 ,10/22/2024,,PL1,,
475,,"Tape Dispenser, multi roll 2""",Uline,H-440,$16.00 ,3/29/2022,,Facilities,,
476,,"Tape Logic, clear packing tape",American Paper & Twine,250024,$140.76 ,7/23/2025,,Shipping,,
477,,"Tape Measure, NIST certified 16' x 1""",McMaster,1936A51,$77.64 ,10/29/2024,,"PL1, PL2, PL3",,
181,,Temp Recorder for Frozen Shipments,Park Aerospace,,$75.00 ,,,,,
490,,Tikka T3 Recoil Lug,Mountain Tactical,T3T3XESL,$18.00 ,10/21/2021,email,PL1,,
574,,Timer (magnetic),,,,,,"PL1, PL2",,
491,,"Toilet Bowl Cleaner, Husky 32 oz",Uline,S-19372-S1,$3.35 ,12/21/2021,,Facilities,,
492,,Toilet Paper,ULine,S-6869,$84/80,1/19/2022,,Facilities,,
493,,"Toilet paper, Vic Bay JRT 3.3"" x 1000'",American Paper & Twine,450032,$42.25 ,7/10/2025,,Facilities,,
338,,"Tongue Depressors, wide, popsicle sticks",N AL Chemical,MIIMDS202065,$9.40/500,3/22/2022,,"PL1, PL2",ULine,S-19178
495,,"Totes, ""round trip"" lidded",Uline,S-9745G,$28.00 ,3/15/2022,,PL1,,
496,,"Totes, lightweight 18x13x12 (Space Age), green",ULine,S-133G,$12.00 ,1/25/2022,,PL1,,
497,,"Trash bags, 13 gal",American Paper & Twine,AVM-2433R-8-1MN,$32/1000,3/15/2022,,Facilities,,
498,,"Trash bags, 60 gal (100/case)",American Paper & Twine,380012,$31.86 ,7/10/2025,,Facilities,,
499,,Trash can dolly,Uline,H-6550,$54.00 ,3/15/2021,,Facilities,,
500,,"Trash Can, Rubbermaid - 7 gal",Uline,S-9970,$8.00 ,7/22/2020,,Facilities,,
501,,"Trash Can, Uline - 32 Gallon",Uline,H-3687,$29.00 ,11/22/2021,,Facilities,,
502,,"Trash Can, Uline - 44 Gallon",Uline,H-3688,$46.00 ,1/19/2022,,Facilities,,
503,,"Trash Can, Uline - 55 Gallon",Uline,H-3689,$62.00 ,6/25/2021,,Facilities,,
507,,Tripod Mount,Blackline Precision,Arca Plates,$50.00 ,5/1/2024,,PL1,,
509,,"Tubing, 1/2"" ID, 1/8"" wall clearflex x 100'",Abbott Rubber,8870-4515,$131.00 ,7/5/2023,,Facilities,,
510,,"Tubing/hose, black 20'",,,,,,Facilities,,
511,,"Tubing/hose, red 20'",,,,,,Facilities,,
512,,"Tumbler Fluid, General Purpose VF-77T",C&M Topline,,,,,PL3,,
513,,"Tumbler Media, Gray 5/8 x 1 5/8",C&M Topline,ACC58-118M,$144.73 ,3/8/2024,,PL3,,
514,,"Tumbler Media, Green 1 1/2 x 1",C&M Topline,WG112-1X,$203.45 ,2/23/2024,,PL3,,
167,34040-01 RevB,UH-60 Sensor Nose Mount GS Antenna Cover,AceAero,,,,,PL2,,
508,,"Vacuum Bagging Material, Nylon - WL7400- 36""",Composite Envisions,Z-2014,$2.55 ,9/28/2025,vacuum bagging (high heat),PL2,,
519,,"Vacuum Bagging Material, Nylon - WL7400- 36""",Fiberglass Supply,M13-7879,$5.20 ,3/5/2025,vacuum bagging (medium heat),PL2,,
99,,"Vacuum Bagging Material, stretchlon film",Aircraft Spruce & Specialty,SL200-0015-60,$5.70 ,4/25/2024,vacuum bagging (low/no heat only),PL2,,
522,,Visegrips,Lowes,,,,,PL1,,
523,,"Walkie Talkie Radios, Retevis RT22 ",Amazon,,46.99/4,9/12/2024,,Facilities,,
521,,"Washer, 3/8"" Screw Size, 0.406"" ID, 0.875"" OD 18-8 Stainless Steel ",McMaster,92141A031,$6.15 ,3/18/2025,vertical stabilizer mold,PL2,,
524,,"Washer, 1/2"" Flat / steel / zinc",Fastener Superstore,202172,2.80/lb,4/9/2025,mold closure,"PL1, PL2",,
524a,,"Test Washer, 1/2"" Hardened Steel, Plain",Fastener Superstore,920643,$0.18 ,,1500 piece order,PL1,,
525, ,"Washer, .458 x .26 x .028",McMaster,90618A128,,,Swivel stud & QD spacers,PL1,,
436,,"Washer, .203 x .375",McMaster,90618A119,$12.75 ,10/13/2025,AG integrated rails,PL1,,
527,,"Washer, Steel Split Lock for 1/4"" Socket Head Screws, 0.26"" ID, 0.363"" OD",McMaster,90073A029,$4.79 ,4/5/2024,AG cheek risers,PL1,,
528,,"Washer, electrical-insulating ceramic sleeve",McMaster,92107A458,$17.99/5,3/8/2022,for ovens,Facilities,,
529,,"Washer, MILSPEC 5/8"" cadmium plated",McMaster,95229A600,$8.71/50,1/26/2022,,PL1,,
530,,"Washers, black nylon",Seastrom,5610-547-15-BLK,$0.21 ,3/23/2022,,PL1,,
531,,"Wedges, clear plastic 2.39"" x 3.52""",Amazon,,14.99/4,9/12/2024,,"PL1, PL2",,
333,,"Wing Nut Driver, 1/4"" Hex, 3"" long",Zoro,80942,,7/17/2025,Bandit vertical stabilizer mold assembly,PL2,,
97,,Wire brushes (mini),Amazon,X0022NWF89,$6.99 ,4/30/2025,heat tool cleaners,PL2,,
532,,"Wood Carving Tools, set",Amazon,,$4.59 ,2/2/2022,,PL1,,
534,,"Wing Nut, Steel, 3/8""-16 Thread Size, 5/8"" Base Diameter",McMaster,90876A160,$14.49 ,3/18/2025,vertical stabilizer mold,PL2,,
566,,"Wrench, 3/4"" Standard SAE combination",Zoro,G804078929,$11.99 ,4/1/2025,mold assembly,"PL1, PL2",,
567,,"Wood, Finnish Birch 24"" x 48"" x 5mm",Aircraft Spruce & Specialty,02-20750,$88.90 ,12/4/2024,Bandit wing ribs,PL2,,
535,,"Ziploc Bags, gallon storage",Home Depot,204236317,$26.81/180 bags,1/31/2022,,PL1,,
537,,"Ziploc Bags, red for FG (min. 9"" x 12"")",Amazon,,,1/21/2025,,PL1,,
538,,Zolatone Black,Auto Body Toolmart,1807714,$160.99 ,,,PL1,,
539,,Zolatone Charcoal/Lilith Gray,Auto Body Toolmart,1701096,$160.99 ,,,PL1,,
540,,Zyvax Mold Sealer,Composites One,214309,,11/11/2024,,"PL1, PL2",,
541,,Zyvax Surface Cleaner,Composites One,214312,$57.68 ,3/22/2022,,"PL1, PL2",,
,,,,,,,,,,
R&D,,"Sleeving, clear shrink 12.7"" ",Soller Composites,,,7/9/2024,,PL2,,
R&D,,"Tape, Fiberglass 3"" red",Soller Composites,,$3.29 ,11/14/2024,PL2 finish R&D,PL2,,
R&D,,"Structural Sealant, 3M adhesive ",McMaster,67015A44,$41.83 ,12/9/2024,Bandit Wing R&D,PL2,,
R&D,,"Washer 3/8"" screw size, 1"" OD, .04-.06 thick",McMaster,92141A051,,5/1/2025,,PL2,,
R&D,,Silicone Mold Kit (Mold Max XLS 1 gallon),Reynolds Advanced Materials,27061,$122.44 ,6/20/2025,silicone mold R&D,PL2,,
R&D,,"Metal tube, aluminum, 1/4"" wall, 6"" OD, 2' long",McMaster,9056K756,,6/26/2025,VARTM development,PL2,,
R&D,,"Flow Media, medium .031"" x 42"" green",US Composites,VB-MG42,$5.25 ,6/30/2025,VARTM development,PL2,,
R&D,,"Flow Media, fast  .045"" x 60"" red",US Composites,VB-MR60,$5.95 ,6/30/2025,VARTM development,PL2,,
R&D,,"Release film, 60"" polyester",US Composites,VB-P56150,$5.85 ,6/30/2025,VARTM development,PL2,,
R&D,,"Carbon Fiber Fabric Plain Weave 3k 5.7oz/193gsm Hexcel AS4 50""",Composite Envisions,f-375-50,74.88,7/11/2025,VARTM development,PL2,,
R&D,,"Fiberglass E-Glass 4 Harness Satin Weave 3.16oz/107gsm HexcelStyle 120 F3 Finish 50""",Composite Envisions,F1625-50,$61.15 ,7/11/2025,VARTM development,PL2,,
R&D,,"EnkaFusion CX-1000 Flow Medium Spacer 2""",Composite Envisions,1795-2,$29.85 ,7/11/2025,VARTM development,PL2,,
R&D,,"Silicone Sealant, Dow Corning 733, white",McMaster,7681A2,$9.68 ,7/31/2025,VARTM development,PL2,,
R&D,,"Tubing, Firm Polyurethane for Air and Water 1/4"" ID, 3/8"" OD, 25'",McMaster,5648K71,$1.31 ,7/31/2025,VARTM development,PL2,,
R&D,,"End Mill, 1"", 60° Chamfer Angle, dovetail uncoated",McMaster,8149N37,$71.25 ,7/31/2025,lathe fixture for wrapping,PL2,,
R&D,,"T-Slotted Framing Rail, Single Four Slot, Smooth, Silver, 1.5"" x 1.5"" x 3'",McMaster,4658N41,$27.58 ,7/29/2025,VARTM development,PL2,,
R&D,,"Ball Bearing, Shielded, for 1/2"" shaft diameter",McMaster,60355K291,$8.04 ,7/29/2025,lathe fixture for wrapping,PL2,,
R&D,,"Rod, 4.5"" threaded, 1/2""-13",McMaster,95412A730,$4.90 ,7/29/2025,lathe fixture for wrapping,PL2,,
R&D,,"Sleeve Bearing, oil embedded 841 bronze, 1/2"" diameter for 5/8"" housing ID, 5/16"" long",McMaster,6391K736,$1.78 ,7/29/2025,lathe fixture for wrapping,PL2,,
R&D,,"Hole Punch, hammer driven 3/4""",McMaster,3424A51,$27.58 ,7/29/2025,VARTM development,PL2,,
R&D,,"T-Slotted Framing Rail, Single Four Slot, Smooth, Silver, 1.5"" x 1.5"" x 2'",McMaster,4658N41,$18.38 ,7/29/2025,VARTM development,PL2,,
R&D,,"T-Slotted Framing bracket, silver corner for 1.5"" high rail",McMaster,47065T271,$13.34 ,7/29/2025,VARTM development,PL2,,
R&D,,"O-Rings, 1/4"" x 6.75"" x 7.25"", high temp, silicone",https://www.mcmaster.com/9396K379/,9396K379,$8.13 ,7/8/2025,VARTM development,PL2,,
R&D,,"Vacuum bagging sheet, silicone 18"" x 25.5""",Smartech,,$271.00 ,7/16/2025,VARTM development,PL2,,
,,,,,,,,,,
,,,,,,,,,,
,,,,,,,,,,
,,,,,,,,,,
,,,,,,,,,,
,,,,,,,,,,
,,,,,,,,,,
505,,"Carbon Fiber, SE140(BL)/RC660T/1270/40+-3%/POPA, thick",Gurit,PA13-8058,69.83,,,PL1,,
506,,"Carbon Fiber, SE140(BL)/RC200T/1270/46+-3%/POPA, thin",Gurit,PA13-8059,45.79,,,PL1,,
,,,,,,,,,,
515,,,,,,,,,,
516,,,,,,,,,,
561, ,,,,,,,,,
564,,,,,,,,,,
594,,,,,,,,,,
