"QMS MASTER LIST DOCUMENTS, POSTERS, AND FORMS",,,,,,
TITLE,CODE,Department,Version,Date,Record Retention Length,Summary of Changes (if needed)
No Cans in Freezer,AG Poster 1,General Use,1.1,5/1/2024,N/A,
Ear Plugs and Eye Protection Mandatory,AG Poster 2,General Use,1.1,6/18/2025,N/A,
Emergency Plan Assembly Point ,AG Poster 3,General Use,1.0,6/17/2025,N/A,
Break Policy Poster,AG Poster 4,General Use,1.0,6/18/2025,N/A,
Vacation and Sick Day policy,AG Poster 5,General Use,1.0,6/18/2025,N/A,
No Cell Phones Poster,AG Poster 6,General Use,1.0,6/18/2025,N/A,
To Turn On Compressor #1,AG Poster 7,Cutting Table,1.0,9/16/2025,N/A,
CHEMICAL STORAGE & EXPIRATION DATES PL1.pdf,AG Poster 8,General Use,1.4,10/27/2025,N/A,
CHEMICAL STORAGE & EXPIRATION DATES PL2.pdf,AG Poster 8.1,General Use,1.0,10/27/2025,N/A,
Oven Temperatures Poster,AG Poster 9,General Use,1.2,9/9/2025,N/A,
AG Poster 10 Quality Policy Slide,AG Poster 10,General Use ,1.0,9/23/2025,N/A,
Poster 11 Mix Room PPE,AG Poster 11,General Use,1.0,9/23/2025,N/A,
Rifle Stock Packet Poster,AG Poster 11,Cutting Table,1.0,10/7/2025,,
CNC Maintenance Checklist,CNC Form 1,CNC,1.0,6/18/2025,10 years,
Lathe Maintenance Checklist,CNC Form 2,CNC,1.0,6/18/2025,10 years,
Tumbler Maintenance Checklist,CNC Form 3,CNC,1.0,6/18/2025,3 years,
Bandsaw Maintenance Checklist,CNC Form 4,CNC,1.0,6/18/2025,3 years,Not in use
Finish Weekly Production Sheet,FN Form 1,Finish - PL1,1.1,6/18/2025,3 years,
Quality Manual,FO DOC 1,Quality,3.5,11/13/2024,N/A,
Process Manual,FO DOC 2,Front Office,2.0,6/18/2025,N/A,
"Environmental, Health, and Safety for AGC",FO DOC 3,Front Office,2.1,8/18/2025,N/A,
Document Control Policy - Google Docs.pdf,FO DOC 4,Front Office,1.2,8/5/2025,N/A,
Serialized Item Policy and Procedures,FO DOC 5,Front Office,1.0,6/18/2025,N/A,
AGC ACH Payment Information,FO DOC 6,Front Office,1.0,6/18/2025,N/A,
Calibration Process Document FO DOC 7,FO DOC 7,Front Office,1.1,5/6/2025,N/A,
Supplier Quality Requirements,FO DOC 8,Front Office,1.0,6/18/2025,N/A,
Shut Down Procedures,FO DOC 9,Front Office,1.0,6/18/2025,N/A,
Corrective Action Process,FO DOC 10,Quality,1.0,12/20/2024,N/A,
Conducting Organizational Risk Assessment,FO DOC 11,Front Office,1.0,12/20/2024,N/A,
Conducting Supplier Approval and Evaluations.pdf,FO DOC 12,Inventory,2.0,10/27/2025,N/A,
Configuration Management Process,FO DOC 13,Front Office,1.0,1/17/2025,N/A,
Scope Change Procedure,FO DOC 14,Front Office,1.0,1/14/2025,N/A,
Equipment and Fixture Validation Process,FO DOC 15,Quality,1.0,5/15/2025,N/A,
Customer Satisfaction Evaluation,FO DOC 16,Sales,1.0,1/29/2025,N/A,
Parts & Equipment Database FO Form 1,FO Form 1,Front Office,N/A,1/16/2025,10 years,
Corrective Action Report (CAR),FO Form 4,Quality,2.1,8/5/2025,10 years,"added close out box, add'l issues clause"
Management Review Agenda,FO Form 5,Front Office,2.0,8/18/2025,10 years,
AGAT Certificate of Conformance_Blank,FO Form 6,Front Office,2.0,10/16/2025,10 years,
AGAT Quote Template 2024,FO Form 7,Front Office,1.5,7/15/2024,10 years,
AGAT Purchase Order,FO Form 8,Front Office,1.1,8/14/2024,10 years,
AGAT Manufacturer's Certificate of Conformance Template,FO Form 9,Front Office,2.2,8/14/2024,10 years,
Phone Order Form,FO Form 10,Front Office,1.0,3/14/2024,10 years,
RFQ Risk Assessment,FO Form 11,Front Office,1.4,10/23/2024,10 years,
Customer PO Review Checklist.pdf,FO Form 12,Front Office,1.2,10/8/2024,10 years,
Calibration Record - Calipers,FO Form 13,Quality,1.0,2/11/2025,10 years,
Calibration Record - Measuring Tape or Ruler FO Form 14,FO Form 14,Quality,1.0,2/11/2025,10 years,
Validation Record - Ovens,FO Form 15,Quality,1.0,2/11/2025,10 years,
Validation Record - No-Go Gauge FO Form 16,FO Form 16,Quality,1.0,2/11/2025,10 years,
QMS Process Dashboard FO Form 17 ,FO Form 17,Quality,1.0,on-going,10 years,
Validation Record - Tooling - Mold,FO Form 18,Quality,1.0,3/13/2025,10 years,
Bill of Sale_Blank,FO Form 19,Front Office,1.0,3/24/2025,10 years,
Validation Record - CNC & Cutting Table,FO Form 20,Quality,1.0,8/18/2025,10 years,
Calibration Record - Pi Tape FO Form 21,FO Form 21,Quality,1.0,8/18/2025,10 years,
Visitor Sign in Sheet.pdf,FO Form 22,Front Office,1.0,10/21/2025,5 years,
GU Doc 1 - Grinding Room Notice - Grinders Off,GU DOC 1,Gunsmith,1.0,8/18/2025,N/A,
GU Doc 2 - Grinding Room Notice - PPE,GU DOC 2,Gunsmith,1.0,8/18/2025,N/A,
GU Doc 3 - Grinding Room Notice - Grinders Off (Spanish),GU DOC 3,Gunsmith,1.0,8/18/2025,N/A,
GU Doc 4 - Grinding Room Notice - PPE (Spanish),GU DOC 4,Gunsmith,1.0,8/18/2025,N/A,
Sandblaster Maintenance Checklist,GU Form 1,Gunsmith,1.1,6/24/2025,3 years,
Manual Mill Maintenance Checklist,GU Form 2,Gunsmith,1.1,7/14/2025,3 years,Mill # 1 is inoperable
GU Form 3 - Grinder Maintenance,GU Form 3,Gunsmith,1.0,6/24/2025,3 years,
AG Comp Employee Handbook 2025.docx,HR DOC 1,HR,3.3,6/25/2025,N/A,added section 17 - personal items
Instructions for On The Job Training and Evaluation,HR DOC 2,HR,1.0,12/27/2024,N/A,
Instructions for Competency Evaluation,HR DOC 3,HR,1.0,12/27/2024,N/A,
Employee Handbook Form,HR Form 1,HR,1.0,7/24/2025,one year after end of employment,
Vacation Request Form,HR Form 2,HR,1.0,7/24/2025,one year after end of employment,
Cell Phone Exception Letter,HR Form 3,HR,1.0,7/24/2025,one year after end of employment,
Serialized Item Acceptance ,HR Form 4,HR,1.1,7/24/2025,one year after end of employment,
Employee Confidentiality Agreement.docx,HR Form 5,HR,1.0,8/18/2025,10 years after end of employment,
AGC Employee Payroll Info Form,HR Form 6,HR,1.0,8/18/2025,3 years after end of employment,
ACG New Employee Onboarding Checklist,HR Form 7,HR,1.4,8/18/2025,one year after end of employment,
AGC Blank Training Tracker,HR Form 8,HR,1.0,8/18/2025,ten years,
CNC Training Form,HR Form 11,HR,1.0,12/20/2024,ten years,
Cutting Table Evaluation Form,HR Form 12,HR,1.0,12/19/2024,ten years,
Layup Evaluation Form,HR Form 13,HR,1.0,12/20/2024,ten years,
CNC Evaluation Form,HR Form 14,HR,1.0,12/20/2024,ten years,
Corrective Action Process Evaluation Form,HR Form 15,HR,1.0,12/20/2024,ten years,
Consent for Electronic Signatures and Communications,HR Form 17,HR,1.0,5/6/2025,one year after end of employment,
Mold Assembly Training Certification,HR Form 16,HR,1.0,5/2/2025,3 years after end of employment,
Cutting Table Training Certification,HR Form 9,HR,1.1,5/7/2025,3 years after end of employment,
Layup Training Certification,HR Form 10,HR,1.2,5/19/2025,3 years after end of employment,
Cores Training Certification,HR Form 18,HR,1.0,5/7/2025,3 years after end of employment,
Break Out Training Certification,HR Form 19,HR,1.0,5/8/2025,3 years after end of employment,
Oven Training Cerification,HR Form 20,HR,1.0,5/8/2025,3 years after end of employment,
Mold Maintenance Training Certification,HR Form 21,HR,1.0,5/8/2025,3 years after end of employment,
Finish Training Certification,HR Form 22,HR,1.0,5/8/2025,3 years after end of employment,
QC Aerospace Training Certification,HR Form 23,HR,1.0,5/19/2025,3 years after end of employment,
Tube Procedure Training Certification,HR Form 24,HR,1.0,5/21/2025,3 years after end of employment,
Lathe Compression Wrap Training Certification,HR Form 25,HR,1.0,5/27/2025,3 years after end of employment,
Business Manager – ISOAERO Production Operations,HR Form 26,HR,1.0,8/28/2025,5 Years,
CNC Machine Operator,HR Form 27,HR,1.0,8/28/2025,5 Years,
Composite Lay-Up Technician,HR Form 28,HR,1.0,8/28/2025,5 Years,
Finishing Technician,HR Form 29,HR,1.0,8/28/2025,5 Years,
Mold Assembly/Disassembly Technician,HR Form 30,HR,1.0,8/28/2025,5 Years,
Production Manager – ISOAERO Composite Manufacturing,HR Form 31,HR,1.0,8/28/2025,5 Years,
Quality Control & Shipping Technician,HR Form 32,HR,1.0,8/28/2025,5 Years,
Quality Manager – ISOAERO Composite Manufacturing,HR Form 33,HR,1.0,8/28/2025,5 Years,
Safety Training Certification,HR Form 34,HR,1.0,9/11/2025,5 Years,
Equipment Agreement,IN Form 1,HR,2.0,7/24/2025,one year after end of employment,
Supplier Evaluation Form V1.1.pdf,IN Form 2,Quality,1.0,5/28/2025,10 yrs,added question #17
Paint Booth Maintenance Checklist,PA Form 1,Paint,1.0,6/24/2025,3 years,
Forend Metal Size Guide,PG DOC 1,Plugging,1.1,6/24/2025,N/A,
Pillar Screw Height Guide,PG DOC 2,Plugging,1.1,6/24/2025,N/A,
Plugging/Layup Daily Production,PG Form 2,Plugging,1.0,6/24/2025,60 days,
Oven Maintenance Checklist,PG Form 3,Plugging,1.1,6/24/2025,3 years,
Texture Guide,PL1 DOC1,Production,1.0,8/18/2025,N/A,
Weekly Gateway Report,PL1 Form 1,PL1,1.0,6/24/2025,10 years,
Portable AC Maintenance,PL1 Form 2,PL1,1.0,6/24/2025,3 years,
Texture Weekly Production,PL1 Form 3,Production,1.0,8/18/2025,60 days,
Air Compressor Maintenance Checklist,PL1 Form 4,Production,1.0,6/24/2025,3 years,
Foam Core Weekly Production PL1,PL1 Form 5,PL1,1.1,6/24/2025,60 days,
Mold Maintenance Tracker PL1,PL1 Form 6,Mold Maintenance,1.0,10/16/2025,3 years,
Work Instructions Elevator Lay Up PL2 Doc 1,PL2 Doc 1,PL2 - Lay Up,1.0,4/11/2025,N/A,
Work Instructions - Vertical Stabilizer Layup PL2 Doc 2,PL2 Doc 2,PL2 - Lay Up,1.2,4/15/2025,N/A,
Work Instructions - Vertical Stabilizer Foam Core PL2 Doc 3,PL2 Doc 3,PL2 - Lay Up,1.0,4/16/2025,N/A,
Work Instructions Rudder Foam Core PL2 Doc 4 ,PL2 Doc 4,PL2 - Lay Up,1.0,4/17/2025,N/A,
DRAFT Work Instructions Rudder Layup ,PL2 Doc 5,PL2 - Lay Up,1.0,4/18/2025,N/A,
Work Instructions Aileron Layup PL2 Doc 6 ,PL2 Doc 6,PL2 - Lay Up,1.0,4/18/2025,N/A,
DRAFT Work Instructions Elevator Foam Core PL2 Doc 7,PL2 Doc 7,PL2 - Lay Up,1.0,4/16/2025,N/A,
DRAFT Work Instructions Aileron Foam Core PL2 Doc 8 ,PL2 Doc 8,PL2 - Lay Up,1.0,4/16/2025,N/A,
Work Instructions - Horizontal Stabilizer Mold Assembly PL2 Doc 9,PL2 Doc 9,PL2 - Mold Assembly,1.1,4/22/2025,N/A,
Work Instructions - Horizontal Stabilizer Layup PL2 Doc 10,PL2 Doc 10,PL2 - Lay Up,1.2,5/5/2025,N/A,
Work instructions: QC Aerospace,PL2 Doc 11,PL2 - Quality,1.0,5/19/2025,N/A,
Work Instructions: Mold Break Out,PL2 Doc 12,Production PL2,1.0,5/19/2025,N/A,
"Work Instructions - 12"" Disruptor Tube",PL2 Doc 13,PL2 - Lay Up,1.0,5/20/2025,N/A,
Spec Sheet - Bandit Fuselage Tube Version 3.0.pdf,PL2 Doc 14,PL2,3.0,6/10/2025,N/A,
Work Instructions - UH60 Sensor Nose Mount Antenna Cover Lay Up,PL2 Doc 15,PL2,1.0,7/24/2025,N/A,
"Spec Sheet - 12"" Disruptor Fuselage Tube",PL2 Doc 16,PL2 Lay Up,1.0,9/9/2025,N/A,
Disruptor Tube packet diagram.pdf,PL2 Doc 17,PL2 Cutting Table,1.0,9/15/2025,N/A,
Antenna Cover packet diagram,,,,,,
SPEC Sheet antenna cover,PL2 Doc 18,,,,,
"Traveler - Disruptor 12"" Tube RevH V2.2.pdf",PL2 Form 1,PL2,2.2,7/2/2025,10 years,added lot#s for 6030
"Traveler - Disruptor 12"" Tube RevK V1.1.pdf",PL2 Form 1.1,PL2,1.0,7/14/2025,10 years,changed oven cycle
"Traveler - Disruptor 12"" Tube RevL V1.2",PL2 Form 1.2,PL2,1.2,10/16/2025,10 years,added mandrel #
"Traveler - Disruptor 12"" Tube RevM.pdf",PL2 Form 1.3,PL2,1.0,10/21/2025,10 years,added add'l finish steps
Traveler - Bandit Fuselage Tube V3.0.pdf,PL2 Form 2,PL2,3.0,6/10/2025,10 years,
"Traveler - Tail Cone - 10""",PL2 Form 3,PL2,1.5,6/11/2025,10 years,
Production Change Sheet PL2 Form 4,PL2 Form 4,PL2,1.0,2/6/2025,10 years,
Cutting Table Work Order,PL2 Form 4,PL2,1.1,8/18/2025,10 years,
Traveler - Horizontal Stabilizer,PL2 Form 5,PL2,1.0,2/27/2025,10 years,
Traveler - UH-60 Sensor Nose Mount GS Antenna Cover,PL2 Form 6,PL2,1.1,10/16/2025,10 years,updated primer lot #
Mold Maintenance Tracker.pdf,PL2 Form 7,Mold Maintenance,1.0,8/18/2025,10 years,
CNC Work Order Request,PL3 Form 1,PL3,1.5,8/18/2025,until scanned,
Forklift Maintenance Checklist,PR Form 5,Production,1.0,7/24/2025,3 years,
Finish QC Daily Production,QC Form 1,Quality - PL1,1.1,6/24/2025,10 years,
Shipping Document 1 - QC Standards,SH DOC 1,Quality - PL1,2.0,6/24/2025,N/A,
Packing Slip,SH Form 1,Shipping - PL1,1.0,6/24/2025,10 years,
Shipping QC Weekly Production Sheet,SH Form 2,Quality - PL1,1.1,6/24/2025,10 years,
Primer: MIL-PRF-23377 Type 1 Class N,PT Form 1,Paint ,1.1,11/5/2025,5 Years,
Paint: MIL-DTL-64159,PT Form 2,Paint ,1.2,11/5/2025,5 Years,