OrderID,date,company,firstname,lastname,address,zip,city,state,email,phone,shipping_address,shipping_city,shipping_zip,shipping_state,total,status,processing,fail,hash,ordered,note,order_number,order_status,ship_date,order_processed
12745,"2025-12-07 09:06:32",,Colter,Krebill,"4735 Collier Road",59101,Billings,MT,colter.krebill@gmail.com,4066981860,"4735 Collier Road",Billings,59101,MT,994.95,0,1,0,MH5dYCtmmSTc1765098392kK09I,"<br />Category: Fiberglass Stocks<br />
Stock: AG Adjustable Armor<br />
Hand: Right Hand<br />
Long Short: Long Action<br />
Action: Aero Solus<br />
Port: <br />
Ejection Port: <br />
AG Bottom Metal: AG M5 Bottom Metal Long Action<br />
Metal: <br />
Barrel: Proof Sendero<br />
Color: Rattlesnake Rogue (Dark Brown, Brown, Tan)<br />
Note: <br />
AG ARCA Rail 4""<br />Textured Grip & Forend<br />Tri-Pod Option (Two 1/4 20 threaded holes are drilled in the forend)<br />Quantity: 1","<br />",,0,,0
12746,"2025-12-07 09:23:52",,Colter,Krebill,"4735 Collier Road",59101,Billings,MT,colter.krebill@gmail.com,4066981860,"4735 Collier Road",Billings,59101,MT,994.95,0,1,0,rH46MQjShQEF1765099432gPD4n,"<br />Category: Fiberglass Stocks<br />
Stock: AG Adjustable Armor<br />
Hand: Right Hand<br />
Long Short: Long Action<br />
Action: Aero Solus<br />
Port: <br />
Ejection Port: <br />
AG Bottom Metal: AG M5 Bottom Metal Long Action<br />
Metal: <br />
Barrel: Proof Sendero<br />
Color: Rattlesnake Rogue (Dark Brown, Brown, Tan)<br />
Note: <br />
AG ARCA Rail 4""<br />Textured Grip & Forend<br />Tri-Pod Option (Two 1/4 20 threaded holes are drilled in the forend)<br />Quantity: 1","<br />",,0,,0
12747,"2025-12-07 12:37:08",,JUSTIN,LANDIS,"12644 ROCKY SLOPE LN",37922,Knoxville,TN,justin.landis4@gmail.com,4053341209,"12644 ROCKY SLOPE LN",Knoxville,37922,TN,86.95,0,1,0,joTtamnVzOaz1765111028AATU7,"<p><br />Product: AG ARCA Rails 4""<br />Quantity: 1</p>",<p>12/08/2025</p>,,0,,1
12748,"2025-12-07 16:20:59","BSF Gun Shop",Milton,Scherer,"1122 Rennie",77450,Katy,TX,bscherer2@gmail.com,"(832) 588-8124","1122 Rennie",Katy,77450,TX,999.95,0,1,0,1NZ4GbAyl2Tz1765124459mI18e,"<p><br />Category: Carbon Fiber Stocks<br /> Stock: AG Carbon All Terrain (CAT)<br /> Hand: Right Hand<br /> Long Short: Short Action<br /> Action: Aero Solus<br /> Port: <br /> Ejection Port: <br /> AG Bottom Metal: AG M5 Bottom Metal Short Action<br /> Metal: <br /> Barrel: Proof Sendero<br /> Color: Carbon Red Camo (Carbon Base with Red and Gray)<br /> Note: <br /> AG Picatinny Rail with Flush Cup 3.25""<br />Quantity: 1</p>","<p>12/08/2025<br />This is Milton from BSF Gun Shop Call me. 8325888124</p>",,0,,1
